barcode,name,shop,category_id,source_id,state,old_price,new_price,old_price_per_unit,new_price_per_unit,weight,source_url,image_url
9310139125057,I&J Beer Batter Wild Caught Fish Fillets | 1.03kg,coles,22323,3615748,NSW,1400,1400,1359,1400,1.03kg,https://www.coles.com.au/product/iandj-beer-batter-wild-caught-fish-fillets-1.03kg-3615748,https://www.coles.com.au/_next/image?url=https%3A%2F%2Fcdn.productimages.coles.com.au%2Fproductimages%2F3%2F3615748.jpg&w=640&q=90
9369999908478,Coles Packham Pears | approx. 240g,coles,22353,156258,VIC,118,118,490,490,240geach,https://www.coles.com.au/product/coles-packham-pears-approx.-240g-each-156258,https://www.coles.com.au/_next/image?url=https%3A%2F%2Fcdn.productimages.coles.com.au%2Fproductimages%2F1%2F156258.jpg&w=640&q=90
9369999908478,Coles Packham Pears | approx. 240g,coles,22353,156258,NSW,70,70,290,290,240geach,https://www.coles.com.au/product/coles-packham-pears-approx.-240g-each-156258,https://www.coles.com.au/_next/image?url=https%3A%2F%2Fcdn.productimages.coles.com.au%2Fproductimages%2F1%2F156258.jpg&w=640&q=90
9369999908478,Coles Packham Pears | approx. 240g,coles,22353,156258,QLD,70,70,290,290,240geach,https://www.coles.com.au/product/coles-packham-pears-approx.-240g-each-156258,https://www.coles.com.au/_next/image?url=https%3A%2F%2Fcdn.productimages.coles.com.au%2Fproductimages%2F1%2F156258.jpg&w=640&q=90
9369999908478,Coles Packham Pears | approx. 240g,coles,22353,156258,WA,166,118,690,490,240geach,https://www.coles.com.au/product/coles-packham-pears-approx.-240g-each-156258,https://www.coles.com.au/_next/image?url=https%3A%2F%2Fcdn.productimages.coles.com.au%2Fproductimages%2F1%2F156258.jpg&w=640&q=90
9369999908478,Coles Packham Pears | approx. 240g,coles,22353,156258,SA,84,84,350,350,240geach,https://www.coles.com.au/product/coles-packham-pears-approx.-240g-each-156258,https://www.coles.com.au/_next/image?url=https%3A%2F%2Fcdn.productimages.coles.com.au%2Fproductimages%2F1%2F156258.jpg&w=640&q=90
9369999908478,Coles Packham Pears | approx. 240g,coles,22353,156258,TAS,84,84,350,350,240geach,https://www.coles.com.au/product/coles-packham-pears-approx.-240g-each-156258,https://www.coles.com.au/_next/image?url=https%3A%2F%2Fcdn.productimages.coles.com.au%2Fproductimages%2F1%2F156258.jpg&w=640&q=90
9369999908478,Coles Packham Pears | approx. 240g,coles,22353,156258,ACT,70,70,290,290,240geach,https://www.coles.com.au/product/coles-packham-pears-approx.-240g-each-156258,https://www.coles.com.au/_next/image?url=https%3A%2F%2Fcdn.productimages.coles.com.au%2Fproductimages%2F1%2F156258.jpg&w=640&q=90
9310645277424,Coles I'M Perfect Carrots Prepacked | 1.5kg,coles,22383,3609392,VIC,260,260,173,173,1.5kg,https://www.coles.com.au/product/coles-i'm-perfect-carrots-prepacked-1.5kg-3609392,https://www.coles.com.au/_next/image?url=https%3A%2F%2Fcdn.productimages.coles.com.au%2Fproductimages%2F3%2F3609392.jpg&w=640&q=90
9310645277424,Coles I'M Perfect Carrots Prepacked | 1.5kg,coles,22383,3609392,NSW,260,200,173,133,1.5kg,https://www.coles.com.au/product/coles-i'm-perfect-carrots-prepacked-1.5kg-3609392,https://www.coles.com.au/_next/image?url=https%3A%2F%2Fcdn.productimages.coles.com.au%2Fproductimages%2F3%2F3609392.jpg&w=640&q=90
9310645277424,Coles I'M Perfect Carrots Prepacked | 1.5kg,coles,22383,3609392,QLD,200,200,133,133,1.5kg,https://www.coles.com.au/product/coles-i'm-perfect-carrots-prepacked-1.5kg-3609392,https://www.coles.com.au/_next/image?url=https%3A%2F%2Fcdn.productimages.coles.com.au%2Fproductimages%2F3%2F3609392.jpg&w=640&q=90
9310645277424,Coles I'M Perfect Carrots Prepacked | 1.5kg,coles,22383,3609392,SA,260,260,173,173,1.5kg,https://www.coles.com.au/product/coles-i'm-perfect-carrots-prepacked-1.5kg-3609392,https://www.coles.com.au/_next/image?url=https%3A%2F%2Fcdn.productimages.coles.com.au%2Fproductimages%2F3%2F3609392.jpg&w=640&q=90
9310645277424,Coles I'M Perfect Carrots Prepacked | 1.5kg,coles,22383,3609392,TAS,200,200,133,133,1.5kg,https://www.coles.com.au/product/coles-i'm-perfect-carrots-prepacked-1.5kg-3609392,https://www.coles.com.au/_next/image?url=https%3A%2F%2Fcdn.productimages.coles.com.au%2Fproductimages%2F3%2F3609392.jpg&w=640&q=90
9310645277424,Coles I'M Perfect Carrots Prepacked | 1.5kg,coles,22383,3609392,ACT,260,200,173,133,1.5kg,https://www.coles.com.au/product/coles-i'm-perfect-carrots-prepacked-1.5kg-3609392,https://www.coles.com.au/_next/image?url=https%3A%2F%2Fcdn.productimages.coles.com.au%2Fproductimages%2F3%2F3609392.jpg&w=640&q=90
9416744068724,Coles Spring Onions | 1 Bunch,coles,22386,408419,VIC,290,290,290,290,1bunch,https://www.coles.com.au/product/coles-spring-onions-1-bunch-408419,https://www.coles.com.au/_next/image?url=https%3A%2F%2Fcdn.productimages.coles.com.au%2Fproductimages%2F4%2F408419.jpg&w=640&q=90
9416744068724,Coles Spring Onions | 1 Bunch,coles,22386,408419,NSW,280,280,280,280,1bunch,https://www.coles.com.au/product/coles-spring-onions-1-bunch-408419,https://www.coles.com.au/_next/image?url=https%3A%2F%2Fcdn.productimages.coles.com.au%2Fproductimages%2F4%2F408419.jpg&w=640&q=90
9416744068724,Coles Spring Onions | 1 Bunch,coles,22386,408419,QLD,250,250,250,250,1bunch,https://www.coles.com.au/product/coles-spring-onions-1-bunch-408419,https://www.coles.com.au/_next/image?url=https%3A%2F%2Fcdn.productimages.coles.com.au%2Fproductimages%2F4%2F408419.jpg&w=640&q=90
9416744068724,Coles Spring Onions | 1 Bunch,coles,22386,408419,WA,290,290,290,290,1bunch,https://www.coles.com.au/product/coles-spring-onions-1-bunch-408419,https://www.coles.com.au/_next/image?url=https%3A%2F%2Fcdn.productimages.coles.com.au%2Fproductimages%2F4%2F408419.jpg&w=640&q=90
9416744068724,Coles Spring Onions | 1 Bunch,coles,22386,408419,SA,290,290,290,290,1bunch,https://www.coles.com.au/product/coles-spring-onions-1-bunch-408419,https://www.coles.com.au/_next/image?url=https%3A%2F%2Fcdn.productimages.coles.com.au%2Fproductimages%2F4%2F408419.jpg&w=640&q=90
9416744068724,Coles Spring Onions | 1 Bunch,coles,22386,408419,TAS,290,250,290,250,1bunch,https://www.coles.com.au/product/coles-spring-onions-1-bunch-408419,https://www.coles.com.au/_next/image?url=https%3A%2F%2Fcdn.productimages.coles.com.au%2Fproductimages%2F4%2F408419.jpg&w=640&q=90
9416744068724,Coles Spring Onions | 1 Bunch,coles,22386,408419,ACT,280,280,280,280,1bunch,https://www.coles.com.au/product/coles-spring-onions-1-bunch-408419,https://www.coles.com.au/_next/image?url=https%3A%2F%2Fcdn.productimages.coles.com.au%2Fproductimages%2F4%2F408419.jpg&w=640&q=90
9300601214914,Coles Cauliflower Medium | 1 Each,coles,22381,4601603,VIC,590,550,590,550,1each,https://www.coles.com.au/product/coles-cauliflower-medium-1-each-4601603,https://www.coles.com.au/_next/image?url=https%3A%2F%2Fcdn.productimages.coles.com.au%2Fproductimages%2F4%2F4601603.jpg&w=640&q=90
9300601214914,Coles Cauliflower Medium | 1 Each,coles,22381,4601603,NSW,650,590,650,590,1each,https://www.coles.com.au/product/coles-cauliflower-medium-1-each-4601603,https://www.coles.com.au/_next/image?url=https%3A%2F%2Fcdn.productimages.coles.com.au%2Fproductimages%2F4%2F4601603.jpg&w=640&q=90
9300601214914,Coles Cauliflower Medium | 1 Each,coles,22381,4601603,QLD,650,490,650,490,1each,https://www.coles.com.au/product/coles-cauliflower-medium-1-each-4601603,https://www.coles.com.au/_next/image?url=https%3A%2F%2Fcdn.productimages.coles.com.au%2Fproductimages%2F4%2F4601603.jpg&w=640&q=90
9300601214914,Coles Cauliflower Medium | 1 Each,coles,22381,4601603,WA,650,550,650,550,1each,https://www.coles.com.au/product/coles-cauliflower-medium-1-each-4601603,https://www.coles.com.au/_next/image?url=https%3A%2F%2Fcdn.productimages.coles.com.au%2Fproductimages%2F4%2F4601603.jpg&w=640&q=90
9300601214914,Coles Cauliflower Medium | 1 Each,coles,22381,4601603,SA,620,550,620,550,1each,https://www.coles.com.au/product/coles-cauliflower-medium-1-each-4601603,https://www.coles.com.au/_next/image?url=https%3A%2F%2Fcdn.productimages.coles.com.au%2Fproductimages%2F4%2F4601603.jpg&w=640&q=90
9300601214914,Coles Cauliflower Medium | 1 Each,coles,22381,4601603,TAS,550,490,550,490,1each,https://www.coles.com.au/product/coles-cauliflower-medium-1-each-4601603,https://www.coles.com.au/_next/image?url=https%3A%2F%2Fcdn.productimages.coles.com.au%2Fproductimages%2F4%2F4601603.jpg&w=640&q=90
9300601214914,Coles Cauliflower Medium | 1 Each,coles,22381,4601603,ACT,650,590,650,590,1each,https://www.coles.com.au/product/coles-cauliflower-medium-1-each-4601603,https://www.coles.com.au/_next/image?url=https%3A%2F%2Fcdn.productimages.coles.com.au%2Fproductimages%2F4%2F4601603.jpg&w=640&q=90
9310645390949,Coles I'M Perfect Pears Prepacked | 1.5kg,coles,22353,5629266,VIC,450,450,300,300,1.5kg,https://www.coles.com.au/product/coles-i'm-perfect-pears-prepacked-1.5kg-5629266,https://www.coles.com.au/_next/image?url=https%3A%2F%2Fcdn.productimages.coles.com.au%2Fproductimages%2F5%2F5629266.jpg&w=640&q=90
9310645390949,Coles I'M Perfect Pears Prepacked | 1.5kg,coles,22353,5629266,NSW,450,390,300,260,1.5kg,https://www.coles.com.au/product/coles-i'm-perfect-pears-prepacked-1.5kg-5629266,https://www.coles.com.au/_next/image?url=https%3A%2F%2Fcdn.productimages.coles.com.au%2Fproductimages%2F5%2F5629266.jpg&w=640&q=90
9310645390949,Coles I'M Perfect Pears Prepacked | 1.5kg,coles,22353,5629266,QLD,450,390,300,260,1.5kg,https://www.coles.com.au/product/coles-i'm-perfect-pears-prepacked-1.5kg-5629266,https://www.coles.com.au/_next/image?url=https%3A%2F%2Fcdn.productimages.coles.com.au%2Fproductimages%2F5%2F5629266.jpg&w=640&q=90
9310645390949,Coles I'M Perfect Pears Prepacked | 1.5kg,coles,22353,5629266,WA,,690,,460,1.5kg,https://www.coles.com.au/product/coles-i'm-perfect-pears-prepacked-1.5kg-5629266,https://www.coles.com.au/_next/image?url=https%3A%2F%2Fcdn.productimages.coles.com.au%2Fproductimages%2F5%2F5629266.jpg&w=640&q=90
9310645390949,Coles I'M Perfect Pears Prepacked | 1.5kg,coles,22353,5629266,SA,490,450,327,300,1.5kg,https://www.coles.com.au/product/coles-i'm-perfect-pears-prepacked-1.5kg-5629266,https://www.coles.com.au/_next/image?url=https%3A%2F%2Fcdn.productimages.coles.com.au%2Fproductimages%2F5%2F5629266.jpg&w=640&q=90
9310645390949,Coles I'M Perfect Pears Prepacked | 1.5kg,coles,22353,5629266,TAS,450,390,300,260,1.5kg,https://www.coles.com.au/product/coles-i'm-perfect-pears-prepacked-1.5kg-5629266,https://www.coles.com.au/_next/image?url=https%3A%2F%2Fcdn.productimages.coles.com.au%2Fproductimages%2F5%2F5629266.jpg&w=640&q=90
9310645390949,Coles I'M Perfect Pears Prepacked | 1.5kg,coles,22353,5629266,ACT,450,390,300,260,1.5kg,https://www.coles.com.au/product/coles-i'm-perfect-pears-prepacked-1.5kg-5629266,https://www.coles.com.au/_next/image?url=https%3A%2F%2Fcdn.productimages.coles.com.au%2Fproductimages%2F5%2F5629266.jpg&w=640&q=90
9369999048846,Coles Baby Broccoli | 1 Bunch,coles,22381,5982477,VIC,270,270,270,270,1bunch,https://www.coles.com.au/product/coles-baby-broccoli-1-bunch-5982477,https://www.coles.com.au/_next/image?url=https%3A%2F%2Fcdn.productimages.coles.com.au%2Fproductimages%2F5%2F5982477.jpg&w=640&q=90
9369999048846,Coles Baby Broccoli | 1 Bunch,coles,22381,5982477,NSW,350,350,350,350,1bunch,https://www.coles.com.au/product/coles-baby-broccoli-1-bunch-5982477,https://www.coles.com.au/_next/image?url=https%3A%2F%2Fcdn.productimages.coles.com.au%2Fproductimages%2F5%2F5982477.jpg&w=640&q=90
9369999048846,Coles Baby Broccoli | 1 Bunch,coles,22381,5982477,QLD,320,320,320,320,1bunch,https://www.coles.com.au/product/coles-baby-broccoli-1-bunch-5982477,https://www.coles.com.au/_next/image?url=https%3A%2F%2Fcdn.productimages.coles.com.au%2Fproductimages%2F5%2F5982477.jpg&w=640&q=90
9369999048846,Coles Baby Broccoli | 1 Bunch,coles,22381,5982477,WA,350,350,350,350,1bunch,https://www.coles.com.au/product/coles-baby-broccoli-1-bunch-5982477,https://www.coles.com.au/_next/image?url=https%3A%2F%2Fcdn.productimages.coles.com.au%2Fproductimages%2F5%2F5982477.jpg&w=640&q=90
9369999048846,Coles Baby Broccoli | 1 Bunch,coles,22381,5982477,SA,320,320,320,320,1bunch,https://www.coles.com.au/product/coles-baby-broccoli-1-bunch-5982477,https://www.coles.com.au/_next/image?url=https%3A%2F%2Fcdn.productimages.coles.com.au%2Fproductimages%2F5%2F5982477.jpg&w=640&q=90
9369999048846,Coles Baby Broccoli | 1 Bunch,coles,22381,5982477,TAS,350,300,350,300,1bunch,https://www.coles.com.au/product/coles-baby-broccoli-1-bunch-5982477,https://www.coles.com.au/_next/image?url=https%3A%2F%2Fcdn.productimages.coles.com.au%2Fproductimages%2F5%2F5982477.jpg&w=640&q=90
9369999048846,Coles Baby Broccoli | 1 Bunch,coles,22381,5982477,ACT,350,350,350,350,1bunch,https://www.coles.com.au/product/coles-baby-broccoli-1-bunch-5982477,https://www.coles.com.au/_next/image?url=https%3A%2F%2Fcdn.productimages.coles.com.au%2Fproductimages%2F5%2F5982477.jpg&w=640&q=90
9310645418230,Coles Organic Trimmed Celery | 1 each,coles,23987,6509485,VIC,650,650,650,650,1each,https://www.coles.com.au/product/coles-organic-trimmed-celery-1-each-6509485,https://www.coles.com.au/_next/image?url=https%3A%2F%2Fcdn.productimages.coles.com.au%2Fproductimages%2F6%2F6509485.jpg&w=640&q=90
9310645418230,Coles Organic Trimmed Celery | 1 each,coles,23987,6509485,QLD,650,650,650,650,1each,https://www.coles.com.au/product/coles-organic-trimmed-celery-1-each-6509485,https://www.coles.com.au/_next/image?url=https%3A%2F%2Fcdn.productimages.coles.com.au%2Fproductimages%2F6%2F6509485.jpg&w=640&q=90
9310645418230,Coles Organic Trimmed Celery | 1 each,coles,23987,6509485,WA,750,750,750,750,1each,https://www.coles.com.au/product/coles-organic-trimmed-celery-1-each-6509485,https://www.coles.com.au/_next/image?url=https%3A%2F%2Fcdn.productimages.coles.com.au%2Fproductimages%2F6%2F6509485.jpg&w=640&q=90
9310645418230,Coles Organic Trimmed Celery | 1 each,coles,23987,6509485,SA,650,650,650,650,1each,https://www.coles.com.au/product/coles-organic-trimmed-celery-1-each-6509485,https://www.coles.com.au/_next/image?url=https%3A%2F%2Fcdn.productimages.coles.com.au%2Fproductimages%2F6%2F6509485.jpg&w=640&q=90
9310645418230,Coles Organic Trimmed Celery | 1 each,coles,23987,6509485,TAS,650,650,650,650,1each,https://www.coles.com.au/product/coles-organic-trimmed-celery-1-each-6509485,https://www.coles.com.au/_next/image?url=https%3A%2F%2Fcdn.productimages.coles.com.au%2Fproductimages%2F6%2F6509485.jpg&w=640&q=90
9310645418230,Coles Organic Trimmed Celery | 1 each,coles,23987,6509485,ACT,650,590,650,590,1each,https://www.coles.com.au/product/coles-organic-trimmed-celery-1-each-6509485,https://www.coles.com.au/_next/image?url=https%3A%2F%2Fcdn.productimages.coles.com.au%2Fproductimages%2F6%2F6509485.jpg&w=640&q=90
9340964000038,Coles Perino Red Grape Tomatoes | 200g,coles,22392,7265535,VIC,450,450,2250,2250,200g,https://www.coles.com.au/product/coles-perino-red-grape-tomatoes-200g-7265535,https://www.coles.com.au/_next/image?url=https%3A%2F%2Fcdn.productimages.coles.com.au%2Fproductimages%2F7%2F7265535.jpg&w=640&q=90
9340964000038,Coles Perino Red Grape Tomatoes | 200g,coles,22392,7265535,NSW,450,470,2250,2350,200g,https://www.coles.com.au/product/coles-perino-red-grape-tomatoes-200g-7265535,https://www.coles.com.au/_next/image?url=https%3A%2F%2Fcdn.productimages.coles.com.au%2Fproductimages%2F7%2F7265535.jpg&w=640&q=90
9340964000038,Coles Perino Red Grape Tomatoes | 200g,coles,22392,7265535,QLD,450,470,2250,2350,200g,https://www.coles.com.au/product/coles-perino-red-grape-tomatoes-200g-7265535,https://www.coles.com.au/_next/image?url=https%3A%2F%2Fcdn.productimages.coles.com.au%2Fproductimages%2F7%2F7265535.jpg&w=640&q=90
9340964000038,Coles Perino Red Grape Tomatoes | 200g,coles,22392,7265535,WA,450,470,2250,2350,200g,https://www.coles.com.au/product/coles-perino-red-grape-tomatoes-200g-7265535,https://www.coles.com.au/_next/image?url=https%3A%2F%2Fcdn.productimages.coles.com.au%2Fproductimages%2F7%2F7265535.jpg&w=640&q=90
9340964000038,Coles Perino Red Grape Tomatoes | 200g,coles,22392,7265535,SA,450,470,2250,2350,200g,https://www.coles.com.au/product/coles-perino-red-grape-tomatoes-200g-7265535,https://www.coles.com.au/_next/image?url=https%3A%2F%2Fcdn.productimages.coles.com.au%2Fproductimages%2F7%2F7265535.jpg&w=640&q=90
9340964000038,Coles Perino Red Grape Tomatoes | 200g,coles,22392,7265535,TAS,390,390,1950,1950,200g,https://www.coles.com.au/product/coles-perino-red-grape-tomatoes-200g-7265535,https://www.coles.com.au/_next/image?url=https%3A%2F%2Fcdn.productimages.coles.com.au%2Fproductimages%2F7%2F7265535.jpg&w=640&q=90
9340964000038,Coles Perino Red Grape Tomatoes | 200g,coles,22392,7265535,ACT,450,470,2250,2350,200g,https://www.coles.com.au/product/coles-perino-red-grape-tomatoes-200g-7265535,https://www.coles.com.au/_next/image?url=https%3A%2F%2Fcdn.productimages.coles.com.au%2Fproductimages%2F7%2F7265535.jpg&w=640&q=90
9335171000025,Coles Grape Mini Roma Tomatoes | 250g,coles,22392,7941197,WA,420,450,1680,1800,250g,https://www.coles.com.au/product/coles-grape-mini-roma-tomatoes-250g-7941197,https://www.coles.com.au/_next/image?url=https%3A%2F%2Fcdn.productimages.coles.com.au%2Fproductimages%2F7%2F7941197.jpg&w=640&q=90
9310208015036,Nivea Soft Cream Face Tube Light | 75mL,coles,23886,114451,NSW,325,650,433,867,75ml,https://www.coles.com.au/product/nivea-soft-cream-face-tube-light-75ml-114451,https://www.coles.com.au/_next/image?url=https%3A%2F%2Fcdn.productimages.coles.com.au%2Fproductimages%2F1%2F114451.jpg&w=640&q=90
9344329059020,L'Oreal Revitalift Laser X3 Anti-Aging Day Cream | 50mL,coles,23886,1161435,NSW,2750,5500,5500,11000,50ml,https://www.coles.com.au/product/l'oreal-revitalift-laser-x3-anti-aging-day-cream-50ml-1161435,https://www.coles.com.au/_next/image?url=https%3A%2F%2Fcdn.productimages.coles.com.au%2Fproductimages%2F1%2F1161435.jpg&w=640&q=90
9344329075310,L'Oreal Revitalift Laser X3 Night | 50mL,coles,23886,1685640,NSW,2750,5500,5500,11000,50ml,https://www.coles.com.au/product/l'oreal-revitalift-laser-x3-night-50ml-1685640,https://www.coles.com.au/_next/image?url=https%3A%2F%2Fcdn.productimages.coles.com.au%2Fproductimages%2F1%2F1685640.jpg&w=640&q=90
3600522892359,L'Oreal Revitalift Filler Day Cream | 50mL,coles,23886,2428541,NSW,2750,5500,5500,11000,50ml,https://www.coles.com.au/product/l'oreal-revitalift-filler-day-cream-50ml-2428541,https://www.coles.com.au/_next/image?url=https%3A%2F%2Fcdn.productimages.coles.com.au%2Fproductimages%2F2%2F2428541.jpg&w=640&q=90
3600523242641,L'Oreal Age Perfect Gold Age Night Cream | 50mL,coles,23886,2792599,NSW,2000,4000,4000,8000,50ml,https://www.coles.com.au/product/l'oreal-age-perfect-gold-age-night-cream-50ml-2792599,https://www.coles.com.au/_next/image?url=https%3A%2F%2Fcdn.productimages.coles.com.au%2Fproductimages%2F2%2F2792599.jpg&w=640&q=90
3600523216499,L'Oreal Age Perfect Golden Age Rosy Day Cream SPF15 | 50mL,coles,23886,3239497,NSW,2000,4000,4000,8000,50ml,https://www.coles.com.au/product/l'oreal-age-perfect-golden-age-rosy-day-cream-spf15-50ml-3239497,https://www.coles.com.au/_next/image?url=https%3A%2F%2Fcdn.productimages.coles.com.au%2Fproductimages%2F3%2F3239497.jpg&w=640&q=90
4005900566768,Nivea Q10 Anti-Wrinkle Firming Day Cream SPF30 | 50mL,coles,23886,3419207,NSW,1400,2800,2800,5600,50ml,https://www.coles.com.au/product/nivea-q10-anti-wrinkle-firming-day-cream-spf30-50ml-3419207,https://www.coles.com.au/_next/image?url=https%3A%2F%2Fcdn.productimages.coles.com.au%2Fproductimages%2F3%2F3419207.jpg&w=640&q=90
4005900566782,Nivea Q10 Plus Night Cream Anti Wrinkle | 50mL,coles,23886,3419320,NSW,1400,2800,2800,5600,50ml,https://www.coles.com.au/product/nivea-q10-plus-night-cream-anti-wrinkle-50ml-3419320,https://www.coles.com.au/_next/image?url=https%3A%2F%2Fcdn.productimages.coles.com.au%2Fproductimages%2F3%2F3419320.jpg&w=640&q=90
9556031064227,Protex Soap Antibacterial Fresh | 90g,coles,23889,3509387,NSW,150,200,167,222,90g,https://www.coles.com.au/product/protex-soap-antibacterial-fresh-90g-3509387,https://www.coles.com.au/_next/image?url=https%3A%2F%2Fcdn.productimages.coles.com.au%2Fproductimages%2F3%2F3509387.jpg&w=640&q=90
4005900661364,Nivea Q10 Power Day Cream Mature SPF15 | 50mL,coles,23886,3727184,NSW,1500,3000,3000,6000,50ml,https://www.coles.com.au/product/nivea-q10-power-day-cream-mature-spf15-50ml-3727184,https://www.coles.com.au/_next/image?url=https%3A%2F%2Fcdn.productimages.coles.com.au%2Fproductimages%2F3%2F3727184.jpg&w=640&q=90
4005900661371,Nivea Q10 Power Mature Night Cream | 50mL,coles,23886,3727195,NSW,1500,3000,3000,6000,50ml,https://www.coles.com.au/product/nivea-q10-power-mature-night-cream-50ml-3727195,https://www.coles.com.au/_next/image?url=https%3A%2F%2Fcdn.productimages.coles.com.au%2Fproductimages%2F3%2F3727195.jpg&w=640&q=90
9318637044023,Cetaphil Face Hydrating Night Cream | 48g,coles,23886,4324842,NSW,2300,1380,4792,2875,48g,https://www.coles.com.au/product/cetaphil-face-hydrating-night-cream-48g-4324842,https://www.coles.com.au/_next/image?url=https%3A%2F%2Fcdn.productimages.coles.com.au%2Fproductimages%2F4%2F4324842.jpg&w=640&q=90
3600542422154,Garnier BB Cream Anti Age Light | 50mL,coles,23886,4329620,NSW,850,1700,1700,3400,50ml,https://www.coles.com.au/product/garnier-bb-cream-anti-age-light-50ml-4329620,https://www.coles.com.au/_next/image?url=https%3A%2F%2Fcdn.productimages.coles.com.au%2Fproductimages%2F4%2F4329620.jpg&w=640&q=90
3600542422161,Garnier BB Cream Anti Age Medium | 50mL,coles,23886,4329722,NSW,850,1700,1700,3400,50ml,https://www.coles.com.au/product/garnier-bb-cream-anti-age-medium-50ml-4329722,https://www.coles.com.au/_next/image?url=https%3A%2F%2Fcdn.productimages.coles.com.au%2Fproductimages%2F4%2F4329722.jpg&w=640&q=90
3600542422178,Garnier BB Cream Classic Light | 50mL,coles,23886,4329733,NSW,850,1700,1700,3400,50ml,https://www.coles.com.au/product/garnier-bb-cream-classic-light-50ml-4329733,https://www.coles.com.au/_next/image?url=https%3A%2F%2Fcdn.productimages.coles.com.au%2Fproductimages%2F4%2F4329733.jpg&w=640&q=90
3600524025724,L'Oreal Revitalift Laser Retinol Pressed Night Cream | 50mL,coles,23886,4867666,NSW,3000,6000,6000,12000,50ml,https://www.coles.com.au/product/l'oreal-revitalift-laser-retinol-pressed-night-cream-50ml-4867666,https://www.coles.com.au/_next/image?url=https%3A%2F%2Fcdn.productimages.coles.com.au%2Fproductimages%2F4%2F4867666.jpg&w=640&q=90
5011451103931,Simple Hydrating Light Moisturiser Kind to Skin | 125mL,coles,23886,4920882,NSW,575,1150,460,920,125ml,https://www.coles.com.au/product/simple-hydrating-light-moisturiser-kind-to-skin-125ml-4920882,https://www.coles.com.au/_next/image?url=https%3A%2F%2Fcdn.productimages.coles.com.au%2Fproductimages%2F4%2F4920882.jpg&w=640&q=90
4005900940308,Nivea Cellular Lift Expert Day Cream | 50mL,coles,23886,4957088,NSW,1900,3800,3800,7600,50ml,https://www.coles.com.au/product/nivea-cellular-lift-expert-day-cream-50ml-4957088,https://www.coles.com.au/_next/image?url=https%3A%2F%2Fcdn.productimages.coles.com.au%2Fproductimages%2F4%2F4957088.jpg&w=640&q=90
8720182254894,Dove Beauty Bar Sensitive 4X 90G | 360g,coles,23889,5259407,NSW,850,950,236,264,360g,https://www.coles.com.au/product/dove-beauty-bar-sensitive-4x-90g-360g-5259407,https://www.coles.com.au/_next/image?url=https%3A%2F%2Fcdn.productimages.coles.com.au%2Fproductimages%2F5%2F5259407.jpg&w=640&q=90
9300607563252,Neutrogena Hydro Boost Hyaluronc Acid Night Cream Moisturiser | 50g,coles,23886,5427625,NSW,3800,2280,7600,4560,50g,https://www.coles.com.au/product/neutrogena-hydro-boost-hyaluronc-acid-night-cream-moisturiser-50g-5427625,https://www.coles.com.au/_next/image?url=https%3A%2F%2Fcdn.productimages.coles.com.au%2Fproductimages%2F5%2F5427625.jpg&w=640&q=90
9300607563269,Neutrogena Hydro Boost Hyaluronic Acid Nourishing Cream | 50g,coles,23886,5428242,NSW,3800,2280,7600,4560,50g,https://www.coles.com.au/product/neutrogena-hydro-boost-hyaluronic-acid-nourishing-cream-50g-5428242,https://www.coles.com.au/_next/image?url=https%3A%2F%2Fcdn.productimages.coles.com.au%2Fproductimages%2F5%2F5428242.jpg&w=640&q=90
9314807022457,Redwin Sorbolene Moisturiser With Vitamin E | 100g,coles,23885,5492682,NSW,175,350,175,350,100g,https://www.coles.com.au/product/redwin-sorbolene-moisturiser-with-vitamin-e-100g-5492682,https://www.coles.com.au/_next/image?url=https%3A%2F%2Fcdn.productimages.coles.com.au%2Fproductimages%2F5%2F5492682.jpg&w=640&q=90
9314057017692,Dermaveen Hydrating Night Cream | 50mL,coles,23886,5528190,NSW,1920,2400,3840,4800,50ml,https://www.coles.com.au/product/dermaveen-hydrating-night-cream-50ml-5528190,https://www.coles.com.au/_next/image?url=https%3A%2F%2Fcdn.productimages.coles.com.au%2Fproductimages%2F5%2F5528190.jpg&w=640&q=90
9358437000430,Woodsman Body Wash Wild Rum | 1L,coles,23885,5856279,NSW,800,1600,80,160,1l,https://www.coles.com.au/product/woodsman-body-wash-wild-rum-1l-5856279,https://www.coles.com.au/_next/image?url=https%3A%2F%2Fcdn.productimages.coles.com.au%2Fproductimages%2F5%2F5856279.jpg&w=640&q=90
9359374000002,Unlabelled Hand Wash Geranium Mandarin & Bergamot | 500mL,coles,23889,5861246,NSW,750,1500,150,300,500ml,https://www.coles.com.au/product/unlabelled-hand-wash-geranium-mandarin-and-bergamot-500ml-5861246,https://www.coles.com.au/_next/image?url=https%3A%2F%2Fcdn.productimages.coles.com.au%2Fproductimages%2F5%2F5861246.jpg&w=640&q=90
9359374000163,Unlabelled Hand Wash Buddha Wood- Orange & Sandalwood | 500mL,coles,23889,5861279,NSW,750,1500,150,300,500ml,https://www.coles.com.au/product/unlabelled-hand-wash-buddha-wood-orange-and-sandalwood-500ml-5861279,https://www.coles.com.au/_next/image?url=https%3A%2F%2Fcdn.productimages.coles.com.au%2Fproductimages%2F5%2F5861279.jpg&w=640&q=90
9359374000170,Unlabelled Hand Wash Lime- Lemongrass & Peppermint | 500mL,coles,23889,5861280,NSW,750,1500,150,300,500ml,https://www.coles.com.au/product/unlabelled-hand-wash-lime-lemongrass-and-peppermint-500ml-5861280,https://www.coles.com.au/_next/image?url=https%3A%2F%2Fcdn.productimages.coles.com.au%2Fproductimages%2F5%2F5861280.jpg&w=640&q=90
9359374000118,Unlabelled Exfoliating Moisturising Body Bar Lemongrass - Lemon Myrtle & Collagen | 180g,coles,23889,5861439,NSW,350,700,194,389,180g,https://www.coles.com.au/product/unlabelled-exfoliating-moisturising-body-bar-lemongrass-lemon-myrtle-and-collagen-180g-5861439,https://www.coles.com.au/_next/image?url=https%3A%2F%2Fcdn.productimages.coles.com.au%2Fproductimages%2F5%2F5861439.jpg&w=640&q=90
9556031087516,Palmolive Gold Soap | 4 pack,coles,23889,5928755,NSW,500,400,139,111,4pack,https://www.coles.com.au/product/palmolive-gold-soap-4-pack-5928755,https://www.coles.com.au/_next/image?url=https%3A%2F%2Fcdn.productimages.coles.com.au%2Fproductimages%2F5%2F5928755.jpg&w=640&q=90
4005900957085,Nivea Cellular Expert Filler Intensive Anti Age Day Care Spf15 | 50mL,coles,23886,5940262,NSW,1800,3600,3600,7200,50ml,https://www.coles.com.au/product/nivea-cellular-expert-filler-intensive-anti-age-day-care-spf15-50ml-5940262,https://www.coles.com.au/_next/image?url=https%3A%2F%2Fcdn.productimages.coles.com.au%2Fproductimages%2F5%2F5940262.jpg&w=640&q=90
4005900957092,Nivea Cellular Expert Filler Intensive Anti Age Night Care | 50mL,coles,23886,5940273,NSW,1800,3600,3600,7200,50ml,https://www.coles.com.au/product/nivea-cellular-expert-filler-intensive-anti-age-night-care-50ml-5940273,https://www.coles.com.au/_next/image?url=https%3A%2F%2Fcdn.productimages.coles.com.au%2Fproductimages%2F5%2F5940273.jpg&w=640&q=90
3600542537940,Garnier Vitamin C Glow Jelly Cream | 50mL,coles,23886,5940397,NSW,1500,3000,3000,6000,50ml,https://www.coles.com.au/product/garnier-vitamin-c-glow-jelly-cream-50ml-5940397,https://www.coles.com.au/_next/image?url=https%3A%2F%2Fcdn.productimages.coles.com.au%2Fproductimages%2F5%2F5940397.jpg&w=640&q=90
3600542537926,Garnier Hyaluronic Aloe Jelly Day Cream | 50mL,coles,23886,5940411,NSW,1500,3000,3000,6000,50ml,https://www.coles.com.au/product/garnier-hyaluronic-aloe-jelly-day-cream-50ml-5940411,https://www.coles.com.au/_next/image?url=https%3A%2F%2Fcdn.productimages.coles.com.au%2Fproductimages%2F5%2F5940411.jpg&w=640&q=90
9344329040479,L'Oreal Revitalift Cream Day | 50mL,coles,23886,6089030,NSW,2000,4000,4000,8000,50ml,https://www.coles.com.au/product/l'oreal-revitalift-cream-day-50ml-6089030,https://www.coles.com.au/_next/image?url=https%3A%2F%2Fcdn.productimages.coles.com.au%2Fproductimages%2F6%2F6089030.jpg&w=640&q=90
9300710018717,Bosistos Wattle Seed & Orange Hand Wash Refill | 1L,coles,23889,6387683,NSW,900,1500,90,150,1l,https://www.coles.com.au/product/bosistos-wattle-seed-and-orange-hand-wash-refill-1l-6387683,https://www.coles.com.au/_next/image?url=https%3A%2F%2Fcdn.productimages.coles.com.au%2Fproductimages%2F6%2F6387683.jpg&w=640&q=90
9400541044029,Protex Soap Gentle Antibacterial | 90g,coles,23889,6393653,NSW,150,200,167,222,90g,https://www.coles.com.au/product/protex-soap-gentle-antibacterial-90g-6393653,https://www.coles.com.au/_next/image?url=https%3A%2F%2Fcdn.productimages.coles.com.au%2Fproductimages%2F6%2F6393653.jpg&w=640&q=90
9344329040486,L'Oreal Revitalift Eye Plenitude Cream | 15mL,coles,23886,6843590,NSW,2000,4000,13333,26667,15ml,https://www.coles.com.au/product/l'oreal-revitalift-eye-plenitude-cream-15ml-6843590,https://www.coles.com.au/_next/image?url=https%3A%2F%2Fcdn.productimages.coles.com.au%2Fproductimages%2F6%2F6843590.jpg&w=640&q=90
9314057017685,Dermaveen Face Ultra Light Day Lotion Spf50+ | 50mL,coles,23885,7051112,NSW,1920,2400,3840,4800,50ml,https://www.coles.com.au/product/dermaveen-face-ultra-light-day-lotion-spf50+-50ml-7051112,https://www.coles.com.au/_next/image?url=https%3A%2F%2Fcdn.productimages.coles.com.au%2Fproductimages%2F7%2F7051112.jpg&w=640&q=90
9312426006919,Skin Control Blemish Banish | 14g,coles,23886,7051393,NSW,1290,1030,9214,7357,14g,https://www.coles.com.au/product/skin-control-blemish-banish-14g-7051393,https://www.coles.com.au/_next/image?url=https%3A%2F%2Fcdn.productimages.coles.com.au%2Fproductimages%2F7%2F7051393.jpg&w=640&q=90
9344329254289,Garnier Body Superfood Mango + Vitamin C | 380mL,coles,23885,7058439,NSW,750,1500,197,395,380ml,https://www.coles.com.au/product/garnier-body-superfood-mango-+-vitamin-c-380ml-7058439,https://www.coles.com.au/_next/image?url=https%3A%2F%2Fcdn.productimages.coles.com.au%2Fproductimages%2F7%2F7058439.jpg&w=640&q=90
9344329040561,L'Oreal Paris Revitalift Night Cream | 50mL,coles,23886,7231985,NSW,2000,4000,4000,8000,50ml,https://www.coles.com.au/product/l'oreal-paris-revitalift-night-cream-50ml-7231985,https://www.coles.com.au/_next/image?url=https%3A%2F%2Fcdn.productimages.coles.com.au%2Fproductimages%2F7%2F7231985.jpg&w=640&q=90
9359374000224,Unlabelled Bodywash Lavender Patchouli & Lemon Myrtle | 1L,coles,23885,7499220,NSW,975,1950,98,195,1l,https://www.coles.com.au/product/unlabelled-bodywash-lavender-patchouli-and-lemon-myrtle-1l-7499220,https://www.coles.com.au/_next/image?url=https%3A%2F%2Fcdn.productimages.coles.com.au%2Fproductimages%2F7%2F7499220.jpg&w=640&q=90
9344329040578,L'Oreal Age Perfect Day Cream | 50mL,coles,23886,8896644,NSW,2000,4000,4000,8000,50ml,https://www.coles.com.au/product/l'oreal-age-perfect-day-cream-50ml-8896644,https://www.coles.com.au/_next/image?url=https%3A%2F%2Fcdn.productimages.coles.com.au%2Fproductimages%2F8%2F8896644.jpg&w=640&q=90
9300607563597,Neutrogena Visible Repair Retinol Regenerating Cream | 50g,coles,23886,9036437,NSW,5500,3300,11000,6600,50g,https://www.coles.com.au/product/neutrogena-visible-repair-retinol-regenerating-cream-50g-9036437,https://www.coles.com.au/_next/image?url=https%3A%2F%2Fcdn.productimages.coles.com.au%2Fproductimages%2F9%2F9036437.jpg&w=640&q=90
4902430734974,Olay Regenerist Cream Micro Scultping Fragrance Free | 48g,coles,23886,9872404,NSW,3000,3000,6000,6250,48g,https://www.coles.com.au/product/olay-regenerist-cream-micro-scultping-fragrance-free-48g-9872404,https://www.coles.com.au/_next/image?url=https%3A%2F%2Fcdn.productimages.coles.com.au%2Fproductimages%2F9%2F9872404.jpg&w=640&q=90
9300601975662,Coles Lamb Strips With Souvlaki Seasoning | 500g,coles,24003,1496411,VIC,1400,1400,2800,2800,500g,https://www.coles.com.au/product/coles-lamb-strips-with-souvlaki-seasoning-500g-1496411,https://www.coles.com.au/_next/image?url=https%3A%2F%2Fcdn.productimages.coles.com.au%2Fproductimages%2F1%2F1496411.jpg&w=640&q=90
9300601975662,Coles Lamb Strips With Souvlaki Seasoning | 500g,coles,24003,1496411,NSW,1400,1400,2800,2800,500g,https://www.coles.com.au/product/coles-lamb-strips-with-souvlaki-seasoning-500g-1496411,https://www.coles.com.au/_next/image?url=https%3A%2F%2Fcdn.productimages.coles.com.au%2Fproductimages%2F1%2F1496411.jpg&w=640&q=90
9300601975662,Coles Lamb Strips With Souvlaki Seasoning | 500g,coles,24003,1496411,QLD,,1400,,2800,500g,https://www.coles.com.au/product/coles-lamb-strips-with-souvlaki-seasoning-500g-1496411,https://www.coles.com.au/_next/image?url=https%3A%2F%2Fcdn.productimages.coles.com.au%2Fproductimages%2F1%2F1496411.jpg&w=640&q=90
9300601975662,Coles Lamb Strips With Souvlaki Seasoning | 500g,coles,24003,1496411,WA,1400,1400,2800,2800,500g,https://www.coles.com.au/product/coles-lamb-strips-with-souvlaki-seasoning-500g-1496411,https://www.coles.com.au/_next/image?url=https%3A%2F%2Fcdn.productimages.coles.com.au%2Fproductimages%2F1%2F1496411.jpg&w=640&q=90
9300601975662,Coles Lamb Strips With Souvlaki Seasoning | 500g,coles,24003,1496411,SA,1400,1400,2800,2800,500g,https://www.coles.com.au/product/coles-lamb-strips-with-souvlaki-seasoning-500g-1496411,https://www.coles.com.au/_next/image?url=https%3A%2F%2Fcdn.productimages.coles.com.au%2Fproductimages%2F1%2F1496411.jpg&w=640&q=90
9300601975662,Coles Lamb Strips With Souvlaki Seasoning | 500g,coles,24003,1496411,TAS,1400,1400,2800,2800,500g,https://www.coles.com.au/product/coles-lamb-strips-with-souvlaki-seasoning-500g-1496411,https://www.coles.com.au/_next/image?url=https%3A%2F%2Fcdn.productimages.coles.com.au%2Fproductimages%2F1%2F1496411.jpg&w=640&q=90
9300601975662,Coles Lamb Strips With Souvlaki Seasoning | 500g,coles,24003,1496411,ACT,1400,1400,2800,2800,500g,https://www.coles.com.au/product/coles-lamb-strips-with-souvlaki-seasoning-500g-1496411,https://www.coles.com.au/_next/image?url=https%3A%2F%2Fcdn.productimages.coles.com.au%2Fproductimages%2F1%2F1496411.jpg&w=640&q=90
9300601975662,Coles Lamb Strips With Souvlaki Seasoning | 500g,coles,24003,1496411,NT,1400,1400,2800,2800,500g,https://www.coles.com.au/product/coles-lamb-strips-with-souvlaki-seasoning-500g-1496411,https://www.coles.com.au/_next/image?url=https%3A%2F%2Fcdn.productimages.coles.com.au%2Fproductimages%2F1%2F1496411.jpg&w=640&q=90
9300601978144,Coles Tasmanian Salmon Portions Skin On | 460g,coles,22667,1546564,VIC,1950,1950,4239,4239,460g,https://www.coles.com.au/product/coles-tasmanian-salmon-portions-skin-on-460g-1546564,https://www.coles.com.au/_next/image?url=https%3A%2F%2Fcdn.productimages.coles.com.au%2Fproductimages%2F1%2F1546564.jpg&w=640&q=90
9300601978144,Coles Tasmanian Salmon Portions Skin On | 460g,coles,22667,1546564,NSW,1950,1950,4239,4239,460g,https://www.coles.com.au/product/coles-tasmanian-salmon-portions-skin-on-460g-1546564,https://www.coles.com.au/_next/image?url=https%3A%2F%2Fcdn.productimages.coles.com.au%2Fproductimages%2F1%2F1546564.jpg&w=640&q=90
9300601978144,Coles Tasmanian Salmon Portions Skin On | 460g,coles,22667,1546564,QLD,,1950,,4239,460g,https://www.coles.com.au/product/coles-tasmanian-salmon-portions-skin-on-460g-1546564,https://www.coles.com.au/_next/image?url=https%3A%2F%2Fcdn.productimages.coles.com.au%2Fproductimages%2F1%2F1546564.jpg&w=640&q=90
9300601978144,Coles Tasmanian Salmon Portions Skin On | 460g,coles,22667,1546564,WA,1950,1950,4239,4239,460g,https://www.coles.com.au/product/coles-tasmanian-salmon-portions-skin-on-460g-1546564,https://www.coles.com.au/_next/image?url=https%3A%2F%2Fcdn.productimages.coles.com.au%2Fproductimages%2F1%2F1546564.jpg&w=640&q=90
9300601978144,Coles Tasmanian Salmon Portions Skin On | 460g,coles,22667,1546564,SA,1950,1950,4239,4239,460g,https://www.coles.com.au/product/coles-tasmanian-salmon-portions-skin-on-460g-1546564,https://www.coles.com.au/_next/image?url=https%3A%2F%2Fcdn.productimages.coles.com.au%2Fproductimages%2F1%2F1546564.jpg&w=640&q=90
9300601978144,Coles Tasmanian Salmon Portions Skin On | 460g,coles,22667,1546564,TAS,1950,1950,4239,4239,460g,https://www.coles.com.au/product/coles-tasmanian-salmon-portions-skin-on-460g-1546564,https://www.coles.com.au/_next/image?url=https%3A%2F%2Fcdn.productimages.coles.com.au%2Fproductimages%2F1%2F1546564.jpg&w=640&q=90
9300601978144,Coles Tasmanian Salmon Portions Skin On | 460g,coles,22667,1546564,ACT,1950,1950,4239,4239,460g,https://www.coles.com.au/product/coles-tasmanian-salmon-portions-skin-on-460g-1546564,https://www.coles.com.au/_next/image?url=https%3A%2F%2Fcdn.productimages.coles.com.au%2Fproductimages%2F1%2F1546564.jpg&w=640&q=90
9300601978144,Coles Tasmanian Salmon Portions Skin On | 460g,coles,22667,1546564,NT,1950,1950,4239,4239,460g,https://www.coles.com.au/product/coles-tasmanian-salmon-portions-skin-on-460g-1546564,https://www.coles.com.au/_next/image?url=https%3A%2F%2Fcdn.productimages.coles.com.au%2Fproductimages%2F1%2F1546564.jpg&w=640&q=90
9300601978168,Coles Basa Portions Skin Off 2 Pack | 260g,coles,22667,1567000,VIC,600,600,2308,2308,260g,https://www.coles.com.au/product/coles-basa-portions-skin-off-2-pack-260g-1567000,https://www.coles.com.au/_next/image?url=https%3A%2F%2Fcdn.productimages.coles.com.au%2Fproductimages%2F1%2F1567000.jpg&w=640&q=90
9300601978168,Coles Basa Portions Skin Off 2 Pack | 260g,coles,22667,1567000,NSW,600,600,2308,2308,260g,https://www.coles.com.au/product/coles-basa-portions-skin-off-2-pack-260g-1567000,https://www.coles.com.au/_next/image?url=https%3A%2F%2Fcdn.productimages.coles.com.au%2Fproductimages%2F1%2F1567000.jpg&w=640&q=90
9300601978168,Coles Basa Portions Skin Off 2 Pack | 260g,coles,22667,1567000,QLD,,600,,2308,260g,https://www.coles.com.au/product/coles-basa-portions-skin-off-2-pack-260g-1567000,https://www.coles.com.au/_next/image?url=https%3A%2F%2Fcdn.productimages.coles.com.au%2Fproductimages%2F1%2F1567000.jpg&w=640&q=90
9300601978168,Coles Basa Portions Skin Off 2 Pack | 260g,coles,22667,1567000,WA,600,600,2308,2308,260g,https://www.coles.com.au/product/coles-basa-portions-skin-off-2-pack-260g-1567000,https://www.coles.com.au/_next/image?url=https%3A%2F%2Fcdn.productimages.coles.com.au%2Fproductimages%2F1%2F1567000.jpg&w=640&q=90
9300601978168,Coles Basa Portions Skin Off 2 Pack | 260g,coles,22667,1567000,SA,600,600,2308,2308,260g,https://www.coles.com.au/product/coles-basa-portions-skin-off-2-pack-260g-1567000,https://www.coles.com.au/_next/image?url=https%3A%2F%2Fcdn.productimages.coles.com.au%2Fproductimages%2F1%2F1567000.jpg&w=640&q=90
9300601978168,Coles Basa Portions Skin Off 2 Pack | 260g,coles,22667,1567000,ACT,600,600,2308,2308,260g,https://www.coles.com.au/product/coles-basa-portions-skin-off-2-pack-260g-1567000,https://www.coles.com.au/_next/image?url=https%3A%2F%2Fcdn.productimages.coles.com.au%2Fproductimages%2F1%2F1567000.jpg&w=640&q=90
9300601978168,Coles Basa Portions Skin Off 2 Pack | 260g,coles,22667,1567000,NT,600,600,2308,2308,260g,https://www.coles.com.au/product/coles-basa-portions-skin-off-2-pack-260g-1567000,https://www.coles.com.au/_next/image?url=https%3A%2F%2Fcdn.productimages.coles.com.au%2Fproductimages%2F1%2F1567000.jpg&w=640&q=90
9300601978175,Coles Australian Whiting Mini Fillets With Plain Crumb | 285g,coles,22667,1589884,VIC,1150,1150,4035,4035,285g,https://www.coles.com.au/product/coles-australian-whiting-mini-fillets-with-plain-crumb-285g-1589884,https://www.coles.com.au/_next/image?url=https%3A%2F%2Fcdn.productimages.coles.com.au%2Fproductimages%2F1%2F1589884.jpg&w=640&q=90
9300601978175,Coles Australian Whiting Mini Fillets With Plain Crumb | 285g,coles,22667,1589884,QLD,,1150,,4035,285g,https://www.coles.com.au/product/coles-australian-whiting-mini-fillets-with-plain-crumb-285g-1589884,https://www.coles.com.au/_next/image?url=https%3A%2F%2Fcdn.productimages.coles.com.au%2Fproductimages%2F1%2F1589884.jpg&w=640&q=90
9300601978175,Coles Australian Whiting Mini Fillets With Plain Crumb | 285g,coles,22667,1589884,WA,1150,1150,4035,4035,285g,https://www.coles.com.au/product/coles-australian-whiting-mini-fillets-with-plain-crumb-285g-1589884,https://www.coles.com.au/_next/image?url=https%3A%2F%2Fcdn.productimages.coles.com.au%2Fproductimages%2F1%2F1589884.jpg&w=640&q=90
9300601978175,Coles Australian Whiting Mini Fillets With Plain Crumb | 285g,coles,22667,1589884,NT,1150,1150,4035,4035,285g,https://www.coles.com.au/product/coles-australian-whiting-mini-fillets-with-plain-crumb-285g-1589884,https://www.coles.com.au/_next/image?url=https%3A%2F%2Fcdn.productimages.coles.com.au%2Fproductimages%2F1%2F1589884.jpg&w=640&q=90
9300601029198,Coles Made Easy Chicken Puff Pastry Parcels With Parmesan & Garlic | 350g,coles,24003,2292337,VIC,800,800,2286,2286,350g,https://www.coles.com.au/product/coles-made-easy-chicken-puff-pastry-parcels-with-parmesan-and-garlic-350g-2292337,https://www.coles.com.au/_next/image?url=https%3A%2F%2Fcdn.productimages.coles.com.au%2Fproductimages%2F2%2F2292337.jpg&w=640&q=90
9300601029198,Coles Made Easy Chicken Puff Pastry Parcels With Parmesan & Garlic | 350g,coles,24003,2292337,QLD,,800,,2286,350g,https://www.coles.com.au/product/coles-made-easy-chicken-puff-pastry-parcels-with-parmesan-and-garlic-350g-2292337,https://www.coles.com.au/_next/image?url=https%3A%2F%2Fcdn.productimages.coles.com.au%2Fproductimages%2F2%2F2292337.jpg&w=640&q=90
9300601029198,Coles Made Easy Chicken Puff Pastry Parcels With Parmesan & Garlic | 350g,coles,24003,2292337,SA,800,800,2286,2286,350g,https://www.coles.com.au/product/coles-made-easy-chicken-puff-pastry-parcels-with-parmesan-and-garlic-350g-2292337,https://www.coles.com.au/_next/image?url=https%3A%2F%2Fcdn.productimages.coles.com.au%2Fproductimages%2F2%2F2292337.jpg&w=640&q=90
9300601029198,Coles Made Easy Chicken Puff Pastry Parcels With Parmesan & Garlic | 350g,coles,24003,2292337,TAS,800,800,2286,2286,350g,https://www.coles.com.au/product/coles-made-easy-chicken-puff-pastry-parcels-with-parmesan-and-garlic-350g-2292337,https://www.coles.com.au/_next/image?url=https%3A%2F%2Fcdn.productimages.coles.com.au%2Fproductimages%2F2%2F2292337.jpg&w=640&q=90
9300601029198,Coles Made Easy Chicken Puff Pastry Parcels With Parmesan & Garlic | 350g,coles,24003,2292337,ACT,800,800,2286,2286,350g,https://www.coles.com.au/product/coles-made-easy-chicken-puff-pastry-parcels-with-parmesan-and-garlic-350g-2292337,https://www.coles.com.au/_next/image?url=https%3A%2F%2Fcdn.productimages.coles.com.au%2Fproductimages%2F2%2F2292337.jpg&w=640&q=90
9300601029198,Coles Made Easy Chicken Puff Pastry Parcels With Parmesan & Garlic | 350g,coles,24003,2292337,NT,800,800,2286,2286,350g,https://www.coles.com.au/product/coles-made-easy-chicken-puff-pastry-parcels-with-parmesan-and-garlic-350g-2292337,https://www.coles.com.au/_next/image?url=https%3A%2F%2Fcdn.productimages.coles.com.au%2Fproductimages%2F2%2F2292337.jpg&w=640&q=90
9310645117744,Coles Tasmanian Salmon Portions Skin On 2 Pack | 280g,coles,22667,2878130,VIC,1500,1500,5357,5357,280g,https://www.coles.com.au/product/coles-tasmanian-salmon-portions-skin-on-2-pack-280g-2878130,https://www.coles.com.au/_next/image?url=https%3A%2F%2Fcdn.productimages.coles.com.au%2Fproductimages%2F2%2F2878130.jpg&w=640&q=90
9310645117744,Coles Tasmanian Salmon Portions Skin On 2 Pack | 280g,coles,22667,2878130,NSW,1500,1500,5357,5357,280g,https://www.coles.com.au/product/coles-tasmanian-salmon-portions-skin-on-2-pack-280g-2878130,https://www.coles.com.au/_next/image?url=https%3A%2F%2Fcdn.productimages.coles.com.au%2Fproductimages%2F2%2F2878130.jpg&w=640&q=90
9310645117744,Coles Tasmanian Salmon Portions Skin On 2 Pack | 280g,coles,22667,2878130,QLD,,1500,,5357,280g,https://www.coles.com.au/product/coles-tasmanian-salmon-portions-skin-on-2-pack-280g-2878130,https://www.coles.com.au/_next/image?url=https%3A%2F%2Fcdn.productimages.coles.com.au%2Fproductimages%2F2%2F2878130.jpg&w=640&q=90
9310645117744,Coles Tasmanian Salmon Portions Skin On 2 Pack | 280g,coles,22667,2878130,WA,1500,1500,5357,5357,280g,https://www.coles.com.au/product/coles-tasmanian-salmon-portions-skin-on-2-pack-280g-2878130,https://www.coles.com.au/_next/image?url=https%3A%2F%2Fcdn.productimages.coles.com.au%2Fproductimages%2F2%2F2878130.jpg&w=640&q=90
9310645117744,Coles Tasmanian Salmon Portions Skin On 2 Pack | 280g,coles,22667,2878130,SA,1500,1500,5357,5357,280g,https://www.coles.com.au/product/coles-tasmanian-salmon-portions-skin-on-2-pack-280g-2878130,https://www.coles.com.au/_next/image?url=https%3A%2F%2Fcdn.productimages.coles.com.au%2Fproductimages%2F2%2F2878130.jpg&w=640&q=90
9310645117744,Coles Tasmanian Salmon Portions Skin On 2 Pack | 280g,coles,22667,2878130,TAS,1500,1500,5357,5357,280g,https://www.coles.com.au/product/coles-tasmanian-salmon-portions-skin-on-2-pack-280g-2878130,https://www.coles.com.au/_next/image?url=https%3A%2F%2Fcdn.productimages.coles.com.au%2Fproductimages%2F2%2F2878130.jpg&w=640&q=90
9310645117744,Coles Tasmanian Salmon Portions Skin On 2 Pack | 280g,coles,22667,2878130,ACT,1500,1500,5357,5357,280g,https://www.coles.com.au/product/coles-tasmanian-salmon-portions-skin-on-2-pack-280g-2878130,https://www.coles.com.au/_next/image?url=https%3A%2F%2Fcdn.productimages.coles.com.au%2Fproductimages%2F2%2F2878130.jpg&w=640&q=90
9310645117744,Coles Tasmanian Salmon Portions Skin On 2 Pack | 280g,coles,22667,2878130,NT,1500,1500,5357,5357,280g,https://www.coles.com.au/product/coles-tasmanian-salmon-portions-skin-on-2-pack-280g-2878130,https://www.coles.com.au/_next/image?url=https%3A%2F%2Fcdn.productimages.coles.com.au%2Fproductimages%2F2%2F2878130.jpg&w=640&q=90
9310645251103,Coles Entertaining Pork Sausage Rolls | 550g,coles,24003,3345665,VIC,850,850,1545,1545,550g,https://www.coles.com.au/product/coles-entertaining-pork-sausage-rolls-550g-3345665,https://www.coles.com.au/_next/image?url=https%3A%2F%2Fcdn.productimages.coles.com.au%2Fproductimages%2F3%2F3345665.jpg&w=640&q=90
9310645251103,Coles Entertaining Pork Sausage Rolls | 550g,coles,24003,3345665,QLD,,850,,1545,550g,https://www.coles.com.au/product/coles-entertaining-pork-sausage-rolls-550g-3345665,https://www.coles.com.au/_next/image?url=https%3A%2F%2Fcdn.productimages.coles.com.au%2Fproductimages%2F3%2F3345665.jpg&w=640&q=90
9310645251103,Coles Entertaining Pork Sausage Rolls | 550g,coles,24003,3345665,WA,850,850,1545,1545,550g,https://www.coles.com.au/product/coles-entertaining-pork-sausage-rolls-550g-3345665,https://www.coles.com.au/_next/image?url=https%3A%2F%2Fcdn.productimages.coles.com.au%2Fproductimages%2F3%2F3345665.jpg&w=640&q=90
9310645251103,Coles Entertaining Pork Sausage Rolls | 550g,coles,24003,3345665,ACT,850,850,1545,1545,550g,https://www.coles.com.au/product/coles-entertaining-pork-sausage-rolls-550g-3345665,https://www.coles.com.au/_next/image?url=https%3A%2F%2Fcdn.productimages.coles.com.au%2Fproductimages%2F3%2F3345665.jpg&w=640&q=90
9310645278056,Coles Tasmanian Salmon Portions Skin Off 4 Pack | 460g,coles,22667,3613822,VIC,1900,1900,4130,4130,460g,https://www.coles.com.au/product/coles-tasmanian-salmon-portions-skin-off-4-pack-460g-3613822,https://www.coles.com.au/_next/image?url=https%3A%2F%2Fcdn.productimages.coles.com.au%2Fproductimages%2F3%2F3613822.jpg&w=640&q=90
9310645278056,Coles Tasmanian Salmon Portions Skin Off 4 Pack | 460g,coles,22667,3613822,NSW,1900,1900,4130,4130,460g,https://www.coles.com.au/product/coles-tasmanian-salmon-portions-skin-off-4-pack-460g-3613822,https://www.coles.com.au/_next/image?url=https%3A%2F%2Fcdn.productimages.coles.com.au%2Fproductimages%2F3%2F3613822.jpg&w=640&q=90
9310645278056,Coles Tasmanian Salmon Portions Skin Off 4 Pack | 460g,coles,22667,3613822,QLD,,1900,,4130,460g,https://www.coles.com.au/product/coles-tasmanian-salmon-portions-skin-off-4-pack-460g-3613822,https://www.coles.com.au/_next/image?url=https%3A%2F%2Fcdn.productimages.coles.com.au%2Fproductimages%2F3%2F3613822.jpg&w=640&q=90
9310645278056,Coles Tasmanian Salmon Portions Skin Off 4 Pack | 460g,coles,22667,3613822,WA,1900,1900,4130,4130,460g,https://www.coles.com.au/product/coles-tasmanian-salmon-portions-skin-off-4-pack-460g-3613822,https://www.coles.com.au/_next/image?url=https%3A%2F%2Fcdn.productimages.coles.com.au%2Fproductimages%2F3%2F3613822.jpg&w=640&q=90
9310645278056,Coles Tasmanian Salmon Portions Skin Off 4 Pack | 460g,coles,22667,3613822,SA,1900,1900,4130,4130,460g,https://www.coles.com.au/product/coles-tasmanian-salmon-portions-skin-off-4-pack-460g-3613822,https://www.coles.com.au/_next/image?url=https%3A%2F%2Fcdn.productimages.coles.com.au%2Fproductimages%2F3%2F3613822.jpg&w=640&q=90
9310645278056,Coles Tasmanian Salmon Portions Skin Off 4 Pack | 460g,coles,22667,3613822,TAS,1900,1900,4130,4130,460g,https://www.coles.com.au/product/coles-tasmanian-salmon-portions-skin-off-4-pack-460g-3613822,https://www.coles.com.au/_next/image?url=https%3A%2F%2Fcdn.productimages.coles.com.au%2Fproductimages%2F3%2F3613822.jpg&w=640&q=90
9310645278056,Coles Tasmanian Salmon Portions Skin Off 4 Pack | 460g,coles,22667,3613822,ACT,1900,1900,4130,4130,460g,https://www.coles.com.au/product/coles-tasmanian-salmon-portions-skin-off-4-pack-460g-3613822,https://www.coles.com.au/_next/image?url=https%3A%2F%2Fcdn.productimages.coles.com.au%2Fproductimages%2F3%2F3613822.jpg&w=640&q=90
9310645278056,Coles Tasmanian Salmon Portions Skin Off 4 Pack | 460g,coles,22667,3613822,NT,1900,1900,4130,4130,460g,https://www.coles.com.au/product/coles-tasmanian-salmon-portions-skin-off-4-pack-460g-3613822,https://www.coles.com.au/_next/image?url=https%3A%2F%2Fcdn.productimages.coles.com.au%2Fproductimages%2F3%2F3613822.jpg&w=640&q=90
9310645310602,Coles Prawns Raw Peeled | 260g,coles,22667,3773396,VIC,1250,1250,4808,4808,260g,https://www.coles.com.au/product/coles-prawns-raw-peeled-260g-3773396,https://www.coles.com.au/_next/image?url=https%3A%2F%2Fcdn.productimages.coles.com.au%2Fproductimages%2F3%2F3773396.jpg&w=640&q=90
9310645310602,Coles Prawns Raw Peeled | 260g,coles,22667,3773396,NSW,1250,1250,4808,4808,260g,https://www.coles.com.au/product/coles-prawns-raw-peeled-260g-3773396,https://www.coles.com.au/_next/image?url=https%3A%2F%2Fcdn.productimages.coles.com.au%2Fproductimages%2F3%2F3773396.jpg&w=640&q=90
9310645310602,Coles Prawns Raw Peeled | 260g,coles,22667,3773396,QLD,,1250,,4808,260g,https://www.coles.com.au/product/coles-prawns-raw-peeled-260g-3773396,https://www.coles.com.au/_next/image?url=https%3A%2F%2Fcdn.productimages.coles.com.au%2Fproductimages%2F3%2F3773396.jpg&w=640&q=90
9310645310602,Coles Prawns Raw Peeled | 260g,coles,22667,3773396,WA,1250,1250,4808,4808,260g,https://www.coles.com.au/product/coles-prawns-raw-peeled-260g-3773396,https://www.coles.com.au/_next/image?url=https%3A%2F%2Fcdn.productimages.coles.com.au%2Fproductimages%2F3%2F3773396.jpg&w=640&q=90
9310645310602,Coles Prawns Raw Peeled | 260g,coles,22667,3773396,SA,1250,1250,4808,4808,260g,https://www.coles.com.au/product/coles-prawns-raw-peeled-260g-3773396,https://www.coles.com.au/_next/image?url=https%3A%2F%2Fcdn.productimages.coles.com.au%2Fproductimages%2F3%2F3773396.jpg&w=640&q=90
9310645310602,Coles Prawns Raw Peeled | 260g,coles,22667,3773396,TAS,1250,1250,4808,4808,260g,https://www.coles.com.au/product/coles-prawns-raw-peeled-260g-3773396,https://www.coles.com.au/_next/image?url=https%3A%2F%2Fcdn.productimages.coles.com.au%2Fproductimages%2F3%2F3773396.jpg&w=640&q=90
9310645310602,Coles Prawns Raw Peeled | 260g,coles,22667,3773396,ACT,1250,1250,4808,4808,260g,https://www.coles.com.au/product/coles-prawns-raw-peeled-260g-3773396,https://www.coles.com.au/_next/image?url=https%3A%2F%2Fcdn.productimages.coles.com.au%2Fproductimages%2F3%2F3773396.jpg&w=640&q=90
9310645310602,Coles Prawns Raw Peeled | 260g,coles,22667,3773396,NT,1250,1250,4808,4808,260g,https://www.coles.com.au/product/coles-prawns-raw-peeled-260g-3773396,https://www.coles.com.au/_next/image?url=https%3A%2F%2Fcdn.productimages.coles.com.au%2Fproductimages%2F3%2F3773396.jpg&w=640&q=90
9310645292045,Coles Cooked Prawns With Cocktail Sauce | 260g,coles,22667,3773421,VIC,1250,1250,4808,4808,260g,https://www.coles.com.au/product/coles-cooked-prawns-with-cocktail-sauce-260g-3773421,https://www.coles.com.au/_next/image?url=https%3A%2F%2Fcdn.productimages.coles.com.au%2Fproductimages%2F3%2F3773421.jpg&w=640&q=90
9310645292045,Coles Cooked Prawns With Cocktail Sauce | 260g,coles,22667,3773421,NSW,1250,1250,4808,4808,260g,https://www.coles.com.au/product/coles-cooked-prawns-with-cocktail-sauce-260g-3773421,https://www.coles.com.au/_next/image?url=https%3A%2F%2Fcdn.productimages.coles.com.au%2Fproductimages%2F3%2F3773421.jpg&w=640&q=90
9310645292045,Coles Cooked Prawns With Cocktail Sauce | 260g,coles,22667,3773421,QLD,,1250,,4808,260g,https://www.coles.com.au/product/coles-cooked-prawns-with-cocktail-sauce-260g-3773421,https://www.coles.com.au/_next/image?url=https%3A%2F%2Fcdn.productimages.coles.com.au%2Fproductimages%2F3%2F3773421.jpg&w=640&q=90
9310645292045,Coles Cooked Prawns With Cocktail Sauce | 260g,coles,22667,3773421,SA,1250,1250,4808,4808,260g,https://www.coles.com.au/product/coles-cooked-prawns-with-cocktail-sauce-260g-3773421,https://www.coles.com.au/_next/image?url=https%3A%2F%2Fcdn.productimages.coles.com.au%2Fproductimages%2F3%2F3773421.jpg&w=640&q=90
9310645292045,Coles Cooked Prawns With Cocktail Sauce | 260g,coles,22667,3773421,TAS,1250,1250,4808,4808,260g,https://www.coles.com.au/product/coles-cooked-prawns-with-cocktail-sauce-260g-3773421,https://www.coles.com.au/_next/image?url=https%3A%2F%2Fcdn.productimages.coles.com.au%2Fproductimages%2F3%2F3773421.jpg&w=640&q=90
9310645292045,Coles Cooked Prawns With Cocktail Sauce | 260g,coles,22667,3773421,ACT,1250,1250,4808,4808,260g,https://www.coles.com.au/product/coles-cooked-prawns-with-cocktail-sauce-260g-3773421,https://www.coles.com.au/_next/image?url=https%3A%2F%2Fcdn.productimages.coles.com.au%2Fproductimages%2F3%2F3773421.jpg&w=640&q=90
9310645292045,Coles Cooked Prawns With Cocktail Sauce | 260g,coles,22667,3773421,NT,1250,1250,4808,4808,260g,https://www.coles.com.au/product/coles-cooked-prawns-with-cocktail-sauce-260g-3773421,https://www.coles.com.au/_next/image?url=https%3A%2F%2Fcdn.productimages.coles.com.au%2Fproductimages%2F3%2F3773421.jpg&w=640&q=90
9310645351179,Coles Tasmanian Salmon Marinated Portions Teriyaki | 325g,coles,22667,4720260,VIC,1600,1600,4923,4923,325g,https://www.coles.com.au/product/coles-tasmanian-salmon-marinated-portions-teriyaki-325g-4720260,https://www.coles.com.au/_next/image?url=https%3A%2F%2Fcdn.productimages.coles.com.au%2Fproductimages%2F4%2F4720260.jpg&w=640&q=90
9310645351179,Coles Tasmanian Salmon Marinated Portions Teriyaki | 325g,coles,22667,4720260,QLD,,1600,,4923,325g,https://www.coles.com.au/product/coles-tasmanian-salmon-marinated-portions-teriyaki-325g-4720260,https://www.coles.com.au/_next/image?url=https%3A%2F%2Fcdn.productimages.coles.com.au%2Fproductimages%2F4%2F4720260.jpg&w=640&q=90
9310645351179,Coles Tasmanian Salmon Marinated Portions Teriyaki | 325g,coles,22667,4720260,WA,1600,1600,4923,4923,325g,https://www.coles.com.au/product/coles-tasmanian-salmon-marinated-portions-teriyaki-325g-4720260,https://www.coles.com.au/_next/image?url=https%3A%2F%2Fcdn.productimages.coles.com.au%2Fproductimages%2F4%2F4720260.jpg&w=640&q=90
9310645351179,Coles Tasmanian Salmon Marinated Portions Teriyaki | 325g,coles,22667,4720260,SA,1600,1600,4923,4923,325g,https://www.coles.com.au/product/coles-tasmanian-salmon-marinated-portions-teriyaki-325g-4720260,https://www.coles.com.au/_next/image?url=https%3A%2F%2Fcdn.productimages.coles.com.au%2Fproductimages%2F4%2F4720260.jpg&w=640&q=90
9310645351179,Coles Tasmanian Salmon Marinated Portions Teriyaki | 325g,coles,22667,4720260,NT,1600,1600,4923,4923,325g,https://www.coles.com.au/product/coles-tasmanian-salmon-marinated-portions-teriyaki-325g-4720260,https://www.coles.com.au/_next/image?url=https%3A%2F%2Fcdn.productimages.coles.com.au%2Fproductimages%2F4%2F4720260.jpg&w=640&q=90
9318053089776,Tropical North Queensland Barramundi Portions | 260g,coles,22667,6391487,VIC,1200,1200,4615,4615,260g,https://www.coles.com.au/product/tropical-north-queensland-barramundi-portions-260g-6391487,https://www.coles.com.au/_next/image?url=https%3A%2F%2Fcdn.productimages.coles.com.au%2Fproductimages%2F6%2F6391487.jpg&w=640&q=90
9318053089776,Tropical North Queensland Barramundi Portions | 260g,coles,22667,6391487,QLD,,1200,,4615,260g,https://www.coles.com.au/product/tropical-north-queensland-barramundi-portions-260g-6391487,https://www.coles.com.au/_next/image?url=https%3A%2F%2Fcdn.productimages.coles.com.au%2Fproductimages%2F6%2F6391487.jpg&w=640&q=90
9318053089776,Tropical North Queensland Barramundi Portions | 260g,coles,22667,6391487,SA,1200,1200,4615,4615,260g,https://www.coles.com.au/product/tropical-north-queensland-barramundi-portions-260g-6391487,https://www.coles.com.au/_next/image?url=https%3A%2F%2Fcdn.productimages.coles.com.au%2Fproductimages%2F6%2F6391487.jpg&w=640&q=90
9318053089776,Tropical North Queensland Barramundi Portions | 260g,coles,22667,6391487,NT,1200,1200,4615,4615,260g,https://www.coles.com.au/product/tropical-north-queensland-barramundi-portions-260g-6391487,https://www.coles.com.au/_next/image?url=https%3A%2F%2Fcdn.productimages.coles.com.au%2Fproductimages%2F6%2F6391487.jpg&w=640&q=90
9310645413907,Coles Tasmanian Salmon Portion Skin On | 200g,coles,22667,6400861,VIC,1000,1000,5000,5000,200g,https://www.coles.com.au/product/coles-tasmanian-salmon-portion-skin-on-200g-6400861,https://www.coles.com.au/_next/image?url=https%3A%2F%2Fcdn.productimages.coles.com.au%2Fproductimages%2F6%2F6400861.jpg&w=640&q=90
9310645413907,Coles Tasmanian Salmon Portion Skin On | 200g,coles,22667,6400861,QLD,,1000,,5000,200g,https://www.coles.com.au/product/coles-tasmanian-salmon-portion-skin-on-200g-6400861,https://www.coles.com.au/_next/image?url=https%3A%2F%2Fcdn.productimages.coles.com.au%2Fproductimages%2F6%2F6400861.jpg&w=640&q=90
9310645413907,Coles Tasmanian Salmon Portion Skin On | 200g,coles,22667,6400861,NT,1000,1000,5000,5000,200g,https://www.coles.com.au/product/coles-tasmanian-salmon-portion-skin-on-200g-6400861,https://www.coles.com.au/_next/image?url=https%3A%2F%2Fcdn.productimages.coles.com.au%2Fproductimages%2F6%2F6400861.jpg&w=640&q=90
9310645228594,Coles Lamb Leg Butterflied With Rosemary & Garlic | approx. 1kg,coles,22719,6764926,VIC,2100,2100,2100,2100,1kg,https://www.coles.com.au/product/coles-lamb-leg-butterflied-with-rosemary-and-garlic-approx.-1kg-6764926,https://www.coles.com.au/_next/image?url=https%3A%2F%2Fcdn.productimages.coles.com.au%2Fproductimages%2F6%2F6764926.jpg&w=640&q=90
9310645228594,Coles Lamb Leg Butterflied With Rosemary & Garlic | approx. 1kg,coles,22719,6764926,NSW,2100,2100,2100,2100,1kg,https://www.coles.com.au/product/coles-lamb-leg-butterflied-with-rosemary-and-garlic-approx.-1kg-6764926,https://www.coles.com.au/_next/image?url=https%3A%2F%2Fcdn.productimages.coles.com.au%2Fproductimages%2F6%2F6764926.jpg&w=640&q=90
9310645228594,Coles Lamb Leg Butterflied With Rosemary & Garlic | approx. 1kg,coles,22719,6764926,QLD,,2100,,2100,1kg,https://www.coles.com.au/product/coles-lamb-leg-butterflied-with-rosemary-and-garlic-approx.-1kg-6764926,https://www.coles.com.au/_next/image?url=https%3A%2F%2Fcdn.productimages.coles.com.au%2Fproductimages%2F6%2F6764926.jpg&w=640&q=90
9310645228594,Coles Lamb Leg Butterflied With Rosemary & Garlic | approx. 1kg,coles,22719,6764926,WA,2100,2100,2100,2100,1kg,https://www.coles.com.au/product/coles-lamb-leg-butterflied-with-rosemary-and-garlic-approx.-1kg-6764926,https://www.coles.com.au/_next/image?url=https%3A%2F%2Fcdn.productimages.coles.com.au%2Fproductimages%2F6%2F6764926.jpg&w=640&q=90
9310645228594,Coles Lamb Leg Butterflied With Rosemary & Garlic | approx. 1kg,coles,22719,6764926,SA,2100,2100,2100,2100,1kg,https://www.coles.com.au/product/coles-lamb-leg-butterflied-with-rosemary-and-garlic-approx.-1kg-6764926,https://www.coles.com.au/_next/image?url=https%3A%2F%2Fcdn.productimages.coles.com.au%2Fproductimages%2F6%2F6764926.jpg&w=640&q=90
9310645228594,Coles Lamb Leg Butterflied With Rosemary & Garlic | approx. 1kg,coles,22719,6764926,TAS,2100,2100,2100,2100,1kg,https://www.coles.com.au/product/coles-lamb-leg-butterflied-with-rosemary-and-garlic-approx.-1kg-6764926,https://www.coles.com.au/_next/image?url=https%3A%2F%2Fcdn.productimages.coles.com.au%2Fproductimages%2F6%2F6764926.jpg&w=640&q=90
9310645228594,Coles Lamb Leg Butterflied With Rosemary & Garlic | approx. 1kg,coles,22719,6764926,ACT,2100,2100,2100,2100,1kg,https://www.coles.com.au/product/coles-lamb-leg-butterflied-with-rosemary-and-garlic-approx.-1kg-6764926,https://www.coles.com.au/_next/image?url=https%3A%2F%2Fcdn.productimages.coles.com.au%2Fproductimages%2F6%2F6764926.jpg&w=640&q=90
9310645228594,Coles Lamb Leg Butterflied With Rosemary & Garlic | approx. 1kg,coles,22719,6764926,NT,2100,2100,2100,2100,1kg,https://www.coles.com.au/product/coles-lamb-leg-butterflied-with-rosemary-and-garlic-approx.-1kg-6764926,https://www.coles.com.au/_next/image?url=https%3A%2F%2Fcdn.productimages.coles.com.au%2Fproductimages%2F6%2F6764926.jpg&w=640&q=90
9310645416625,Coles Made Easy Slow Cooked Lamb Shoulder With Garlic And Herb | 550g,coles,22719,7085602,VIC,1400,1400,2545,2545,550g,https://www.coles.com.au/product/coles-made-easy-slow-cooked-lamb-shoulder-with-garlic-and-herb-550g-7085602,https://www.coles.com.au/_next/image?url=https%3A%2F%2Fcdn.productimages.coles.com.au%2Fproductimages%2F7%2F7085602.jpg&w=640&q=90
9310645416625,Coles Made Easy Slow Cooked Lamb Shoulder With Garlic And Herb | 550g,coles,22719,7085602,NSW,1400,1400,2545,2545,550g,https://www.coles.com.au/product/coles-made-easy-slow-cooked-lamb-shoulder-with-garlic-and-herb-550g-7085602,https://www.coles.com.au/_next/image?url=https%3A%2F%2Fcdn.productimages.coles.com.au%2Fproductimages%2F7%2F7085602.jpg&w=640&q=90
9310645416625,Coles Made Easy Slow Cooked Lamb Shoulder With Garlic And Herb | 550g,coles,22719,7085602,QLD,,1400,,2545,550g,https://www.coles.com.au/product/coles-made-easy-slow-cooked-lamb-shoulder-with-garlic-and-herb-550g-7085602,https://www.coles.com.au/_next/image?url=https%3A%2F%2Fcdn.productimages.coles.com.au%2Fproductimages%2F7%2F7085602.jpg&w=640&q=90
9310645416625,Coles Made Easy Slow Cooked Lamb Shoulder With Garlic And Herb | 550g,coles,22719,7085602,WA,1400,1400,2545,2545,550g,https://www.coles.com.au/product/coles-made-easy-slow-cooked-lamb-shoulder-with-garlic-and-herb-550g-7085602,https://www.coles.com.au/_next/image?url=https%3A%2F%2Fcdn.productimages.coles.com.au%2Fproductimages%2F7%2F7085602.jpg&w=640&q=90
9310645416625,Coles Made Easy Slow Cooked Lamb Shoulder With Garlic And Herb | 550g,coles,22719,7085602,SA,1400,1400,2545,2545,550g,https://www.coles.com.au/product/coles-made-easy-slow-cooked-lamb-shoulder-with-garlic-and-herb-550g-7085602,https://www.coles.com.au/_next/image?url=https%3A%2F%2Fcdn.productimages.coles.com.au%2Fproductimages%2F7%2F7085602.jpg&w=640&q=90
9310645416625,Coles Made Easy Slow Cooked Lamb Shoulder With Garlic And Herb | 550g,coles,22719,7085602,TAS,1400,1400,2545,2545,550g,https://www.coles.com.au/product/coles-made-easy-slow-cooked-lamb-shoulder-with-garlic-and-herb-550g-7085602,https://www.coles.com.au/_next/image?url=https%3A%2F%2Fcdn.productimages.coles.com.au%2Fproductimages%2F7%2F7085602.jpg&w=640&q=90
9310645416625,Coles Made Easy Slow Cooked Lamb Shoulder With Garlic And Herb | 550g,coles,22719,7085602,ACT,1400,1400,2545,2545,550g,https://www.coles.com.au/product/coles-made-easy-slow-cooked-lamb-shoulder-with-garlic-and-herb-550g-7085602,https://www.coles.com.au/_next/image?url=https%3A%2F%2Fcdn.productimages.coles.com.au%2Fproductimages%2F7%2F7085602.jpg&w=640&q=90
9310645416625,Coles Made Easy Slow Cooked Lamb Shoulder With Garlic And Herb | 550g,coles,22719,7085602,NT,1400,1400,2545,2545,550g,https://www.coles.com.au/product/coles-made-easy-slow-cooked-lamb-shoulder-with-garlic-and-herb-550g-7085602,https://www.coles.com.au/_next/image?url=https%3A%2F%2Fcdn.productimages.coles.com.au%2Fproductimages%2F7%2F7085602.jpg&w=640&q=90