barcode,name,shop,category_id,source_id,weight,source_url,image_url
9.34016E+12,Raffertys Garden Vegetable Bolognese 12 Months+ | 200g,coles,22025,8404852,200g,https://www.coles.com.au/product/raffertys-garden-vegetable-bolognese-12-months+-200g-8404852,https://www.coles.com.au/_next/image?url=https%3A%2F%2Fcdn.productimages.coles.com.au%2Fproductimages%2F8%2F8404852.jpg&w=640&q=90
9.34016E+12,Rafferty's Garden Vegetable Bolognese 200g,Woolworths,22025,909087,200g,https://www.woolworths.com.au/shop/productdetails/909087/rafferty-s-garden-vegetable-bolognese,https://cdn0.woolworths.media/content/wowproductimages/large/909087.jpg
9.40315E+12,Only Organic Wild Rice Risotto & Spring Lamb 6+ Months | 120g,coles,22026,8989086,120g,https://www.coles.com.au/product/only-organic-wild-rice-risotto-and-spring-lamb-6+-months-120g-8989086,https://www.coles.com.au/_next/image?url=https%3A%2F%2Fcdn.productimages.coles.com.au%2Fproductimages%2F8%2F8989086.jpg&w=640&q=90
9.40315E+12,Only Organic Wild Rice Risotto Spring Lamb Wild Rice Risotto Spring Lamb 120g,Woolworths,22026,710423,120G,https://www.woolworths.com.au/shop/productdetails/710423/only-organic-wild-rice-risotto-spring-lamb-wild-rice-risotto-spring-lamb,https://cdn0.woolworths.media/content/wowproductimages/large/710423.jpg
7.61304E+12,Nestle NAN Supremepro 1 Infant Formula For Newborns Suitable From Birth | 800g,coles,23831,4161668,800g,https://www.coles.com.au/product/nestle-nan-supremepro-1-infant-formula-for-newborns-suitable-from-birth-800g-4161668,https://www.coles.com.au/_next/image?url=https%3A%2F%2Fcdn.productimages.coles.com.au%2Fproductimages%2F4%2F4161668.jpg&w=640&q=90
7.61304E+12,Nestle NAN SUPREMEpro 1 From Birth Premium Starter Baby Formula 800g,Woolworths,23831,155532,800g,https://www.woolworths.com.au/shop/productdetails/155532/nestle-nan-supremepro-1-from-birth-premium-starter-baby-formula,https://cdn0.woolworths.media/content/wowproductimages/large/155532.jpg
5.09951E+12,WaterWipes Fragrance Free Sensitive Skin 540 Baby Wipes | 540 pack,coles,22059,5332551,540pack,https://www.coles.com.au/product/waterwipes-fragrance-free-sensitive-skin-540-baby-wipes-540-pack-5332551,https://www.coles.com.au/_next/image?url=https%3A%2F%2Fcdn.productimages.coles.com.au%2Fproductimages%2F5%2F5332551.jpg&w=640&q=90
5.09951E+12,Waterwipes Fragrance Free Sensitive Skin Baby Wipes 60 x9 Pack,Woolworths,22059,129717,60 x9 Pack,https://www.woolworths.com.au/shop/productdetails/129717/waterwipes-fragrance-free-sensitive-skin-baby-wipes,https://cdn0.woolworths.media/content/wowproductimages/large/129717.jpg
9.30066E+12,Yoplait Petit Miam Mango Yoghurt Pouch | 70g,coles,22159,3536368,70g,https://www.coles.com.au/product/yoplait-petit-miam-mango-yoghurt-pouch-70g-3536368,https://www.coles.com.au/_next/image?url=https%3A%2F%2Fcdn.productimages.coles.com.au%2Fproductimages%2F3%2F3536368.jpg&w=640&q=90
9.30066E+12,Yoplait Petit Miam Mango Pouch 70g,Woolworths,22159,805964,70g,https://www.woolworths.com.au/shop/productdetails/805964/yoplait-petit-miam-mango-pouch,https://cdn0.woolworths.media/content/wowproductimages/large/805964.jpg
9.34496E+12,Danone Yopro Perform Yoghurt Pouch Mixed Berries | 175g,coles,22161,8423507,175g,https://www.coles.com.au/product/danone-yopro-perform-yoghurt-pouch-mixed-berries-175g-8423507,https://www.coles.com.au/_next/image?url=https%3A%2F%2Fcdn.productimages.coles.com.au%2Fproductimages%2F8%2F8423507.jpg&w=640&q=90
9.34496E+12,YoPRO Perform 20g Protein Mixed Berries Yoghurt Pouch 175g,Woolworths,22161,105785,175g,https://www.woolworths.com.au/shop/productdetails/105785/yopro-perform-20g-protein-mixed-berries-yoghurt-pouch,https://cdn0.woolworths.media/content/wowproductimages/large/105785.jpg
9.30066E+12,Farmers Union No Added Sugar Kids Yogurt Pouch Blueberry | 130g,coles,22161,6600805,130g,https://www.coles.com.au/product/farmers-union-no-added-sugar-kids-yogurt-pouch-blueberry-130g-6600805,https://www.coles.com.au/_next/image?url=https%3A%2F%2Fcdn.productimages.coles.com.au%2Fproductimages%2F6%2F6600805.jpg&w=640&q=90
9.30066E+12,Farmers Union Greek Style Kids Yoghurt Pouch Blueberry No Added Sugar 130g,Woolworths,22161,6007775,130g,https://www.woolworths.com.au/shop/productdetails/6007775/farmers-union-greek-style-kids-yoghurt-pouch-blueberry-no-added-sugar,https://cdn0.woolworths.media/content/wowproductimages/large/6007775.jpg
9.30066E+12,Farmers Union No Added Sugar Kids Yogurt Pouch Strawberry | 130g,coles,22161,6600689,130g,https://www.coles.com.au/product/farmers-union-no-added-sugar-kids-yogurt-pouch-strawberry-130g-6600689,https://www.coles.com.au/_next/image?url=https%3A%2F%2Fcdn.productimages.coles.com.au%2Fproductimages%2F6%2F6600689.jpg&w=640&q=90
9.30066E+12,Farmers Union Greek Style Kids Yoghurt Pouch Strawberry No Added Sugar 130g,Woolworths,22161,6006928,130g,https://www.woolworths.com.au/shop/productdetails/6006928/farmers-union-greek-style-kids-yoghurt-pouch-strawberry-no-added-sugar,https://cdn0.woolworths.media/content/wowproductimages/large/6006928.jpg
9.30066E+12,Farmers Union No Added Sugar Kids Yogurt Pouch Vanilla | 130g,coles,22161,6600678,130g,https://www.coles.com.au/product/farmers-union-no-added-sugar-kids-yogurt-pouch-vanilla-130g-6600678,https://www.coles.com.au/_next/image?url=https%3A%2F%2Fcdn.productimages.coles.com.au%2Fproductimages%2F6%2F6600678.jpg&w=640&q=90
9.30066E+12,Farmers Union Greek Style Kids Yoghurt Pouch Vanilla No Added Sugar 130g,Woolworths,22161,6007860,130g,https://www.woolworths.com.au/shop/productdetails/6007860/farmers-union-greek-style-kids-yoghurt-pouch-vanilla-no-added-sugar,https://cdn0.woolworths.media/content/wowproductimages/large/6007860.jpg
9.31035E+12,Jalna Lactose Free Yoghurt Greek Natural | 1kg,coles,22161,3816874,1kg,https://www.coles.com.au/product/jalna-lactose-free-yoghurt-greek-natural-1kg-3816874,https://www.coles.com.au/_next/image?url=https%3A%2F%2Fcdn.productimages.coles.com.au%2Fproductimages%2F3%2F3816874.jpg&w=640&q=90
9.31035E+12,Jalna Pot Set Lactose Free Greek Yoghurt 1kg,Woolworths,22161,169823,1kg,https://www.woolworths.com.au/shop/productdetails/169823/jalna-pot-set-lactose-free-greek-yoghurt,https://cdn0.woolworths.media/content/wowproductimages/large/169823.jpg
9.34496E+12,Liddells Yoghurt Vanilla Bean | 700g,coles,22161,4339533,700g,https://www.coles.com.au/product/liddells-yoghurt-vanilla-bean-700g-4339533,https://www.coles.com.au/_next/image?url=https%3A%2F%2Fcdn.productimages.coles.com.au%2Fproductimages%2F4%2F4339533.jpg&w=640&q=90
9.34496E+12,Liddells Lactose Free Probiotic Yoghurt Vanilla Bean 700g,Woolworths,22161,167407,700g,https://www.woolworths.com.au/shop/productdetails/167407/liddells-lactose-free-probiotic-yoghurt-vanilla-bean,https://cdn0.woolworths.media/content/wowproductimages/large/167407.jpg
9.31004E+12,Pauls Kids Yoghurt Pouch Mango | 70g,coles,22161,7657648,70g,https://www.coles.com.au/product/pauls-kids-yoghurt-pouch-mango-70g-7657648,https://www.coles.com.au/_next/image?url=https%3A%2F%2Fcdn.productimages.coles.com.au%2Fproductimages%2F7%2F7657648.jpg&w=640&q=90
9.31004E+12,Pauls Bluey Yoghurt Pouch Mango 70g,Woolworths,22161,503952,70g,https://www.woolworths.com.au/shop/productdetails/503952/pauls-bluey-yoghurt-pouch-mango,https://cdn0.woolworths.media/content/wowproductimages/large/503952.jpg
9.31004E+12,Pauls Kids Vanilla Yoghurt | 70g,coles,22161,3992764,70g,https://www.coles.com.au/product/pauls-kids-vanilla-yoghurt-70g-3992764,https://www.coles.com.au/_next/image?url=https%3A%2F%2Fcdn.productimages.coles.com.au%2Fproductimages%2F3%2F3992764.jpg&w=640&q=90
9.31004E+12,Pauls Bluey Yoghurt Pouch Vanilla 70g,Woolworths,22161,862492,70g,https://www.woolworths.com.au/shop/productdetails/862492/pauls-bluey-yoghurt-pouch-vanilla-vanilla-yellow,https://cdn0.woolworths.media/content/wowproductimages/large/862492.jpg
9.31004E+12,Pauls Kids Yoghurt Pouch Banana | 70g,coles,22161,4348385,70g,https://www.coles.com.au/product/pauls-kids-yoghurt-pouch-banana-70g-4348385,https://www.coles.com.au/_next/image?url=https%3A%2F%2Fcdn.productimages.coles.com.au%2Fproductimages%2F4%2F4348385.jpg&w=640&q=90
9.31004E+12,Pauls Kids Yoghurt Pouch Banana 70g,Woolworths,22161,862577,70g,https://www.woolworths.com.au/shop/productdetails/862577/pauls-kids-yoghurt-pouch-banana,https://cdn0.woolworths.media/content/wowproductimages/large/862577.jpg
9.31004E+12,Pauls Kids Yoghurt Limited Edition | 70g,coles,22161,4348374,70g,https://www.coles.com.au/product/pauls-kids-yoghurt-limited-edition-70g-4348374,https://www.coles.com.au/_next/image?url=https%3A%2F%2Fcdn.productimages.coles.com.au%2Fproductimages%2F4%2F4348374.jpg&w=640&q=90
9.31004E+12,Pauls Kids Yoghurt Pouch Limited Edition Birthday Cake Flavour 70g,Woolworths,22161,84918,70g,https://www.woolworths.com.au/shop/productdetails/84918/pauls-kids-yoghurt-pouch-limited-edition-birthday-cake-flavour,https://cdn0.woolworths.media/content/wowproductimages/large/084918.jpg
9.31004E+12,Pauls Kids Yoghurt Pouch Strawberry | 70g,coles,22161,7657885,70g,https://www.coles.com.au/product/pauls-kids-yoghurt-pouch-strawberry-70g-7657885,https://www.coles.com.au/_next/image?url=https%3A%2F%2Fcdn.productimages.coles.com.au%2Fproductimages%2F7%2F7657885.jpg&w=640&q=90
9.31004E+12,Pauls Kids Yoghurt Pouch Strawberry 70g,Woolworths,22161,862494,70g,https://www.woolworths.com.au/shop/productdetails/862494/pauls-kids-yoghurt-pouch-strawberry-princess,https://cdn0.woolworths.media/content/wowproductimages/large/862494.jpg
9.31004E+12,Tamar Valley Kids Greek Pouch Yoghurt | 110g,coles,22161,3539526,110g,https://www.coles.com.au/product/tamar-valley-kids-greek-pouch-yoghurt-110g-3539526,https://www.coles.com.au/_next/image?url=https%3A%2F%2Fcdn.productimages.coles.com.au%2Fproductimages%2F3%2F3539526.jpg&w=640&q=90
9.31004E+12,Tamar Valley Dairy Kids Greek Yoghurt Pouch Banana 110g,Woolworths,22161,124806,110g,https://www.woolworths.com.au/shop/productdetails/124806/tamar-valley-dairy-kids-greek-yoghurt-pouch-banana,https://cdn0.woolworths.media/content/wowproductimages/large/124806.jpg
9.31004E+12,Tamar Valley Kids Greek Blueberry Yoghurt Pouch | 110g,coles,22161,3089157,110g,https://www.coles.com.au/product/tamar-valley-kids-greek-blueberry-yoghurt-pouch-110g-3089157,https://www.coles.com.au/_next/image?url=https%3A%2F%2Fcdn.productimages.coles.com.au%2Fproductimages%2F3%2F3089157.jpg&w=640&q=90
9.31004E+12,Tamar Valley Dairy Kids Greek Yoghurt Pouch Blueberry 110g,Woolworths,22161,660435,110g,https://www.woolworths.com.au/shop/productdetails/660435/tamar-valley-dairy-kids-greek-yoghurt-pouch-blueberry,https://cdn0.woolworths.media/content/wowproductimages/large/660435.jpg
9.34258E+12,Tamar Valley Kids Greek Natural Raspberry Yoghurt Pouch | 110g,coles,22161,3245570,110g,https://www.coles.com.au/product/tamar-valley-kids-greek-natural-raspberry-yoghurt-pouch-110g-3245570,https://www.coles.com.au/_next/image?url=https%3A%2F%2Fcdn.productimages.coles.com.au%2Fproductimages%2F3%2F3245570.jpg&w=640&q=90
9.34258E+12,Tamar Valley Dairy Kids Greek Yoghurt Pouch Raspberry 110g,Woolworths,22161,862414,110g,https://www.woolworths.com.au/shop/productdetails/862414/tamar-valley-dairy-kids-greek-yoghurt-pouch-raspberry,https://cdn0.woolworths.media/content/wowproductimages/large/862414.jpg
9.31004E+12,Tamar Valley Kids Greek Strawberry Yoghurt Pouch | 110g,coles,22161,2744359,110g,https://www.coles.com.au/product/tamar-valley-kids-greek-strawberry-yoghurt-pouch-110g-2744359,https://www.coles.com.au/_next/image?url=https%3A%2F%2Fcdn.productimages.coles.com.au%2Fproductimages%2F2%2F2744359.jpg&w=640&q=90
9.31004E+12,Tamar Valley Dairy Kids Greek Yoghurt Pouch Strawberry 110g,Woolworths,22161,508827,110g,https://www.woolworths.com.au/shop/productdetails/508827/tamar-valley-dairy-kids-greek-yoghurt-pouch-strawberry,https://cdn0.woolworths.media/content/wowproductimages/large/508827.jpg
9.31004E+12,Tamar Valley Kids Natural Greek Tropical Yoghurt Pouch | 110g,coles,22161,2744360,110g,https://www.coles.com.au/product/tamar-valley-kids-natural-greek-tropical-yoghurt-pouch-110g-2744360,https://www.coles.com.au/_next/image?url=https%3A%2F%2Fcdn.productimages.coles.com.au%2Fproductimages%2F2%2F2744360.jpg&w=640&q=90
9.31004E+12,Tamar Valley Dairy Kids Greek Yoghurt Pouch Tropical 110g,Woolworths,22161,509491,110g,https://www.woolworths.com.au/shop/productdetails/509491/tamar-valley-dairy-kids-greek-yoghurt-pouch-tropical,https://cdn0.woolworths.media/content/wowproductimages/large/509491.jpg
9.31004E+12,Tamar Valley Kids Greek Vanilla Yoghurt Pouch | 110g,coles,22161,2744348,110g,https://www.coles.com.au/product/tamar-valley-kids-greek-vanilla-yoghurt-pouch-110g-2744348,https://www.coles.com.au/_next/image?url=https%3A%2F%2Fcdn.productimages.coles.com.au%2Fproductimages%2F2%2F2744348.jpg&w=640&q=90
9.31004E+12,Tamar Valley Dairy Kids Greek Yoghurt Pouch Vanilla 110g,Woolworths,22161,508826,110g,https://www.woolworths.com.au/shop/productdetails/508826/tamar-valley-dairy-kids-greek-yoghurt-pouch-vanilla,https://cdn0.woolworths.media/content/wowproductimages/large/508826.jpg
9.31004E+12,Vaalia Probiotics Banana Kids Yoghurt Pouch | 140g,coles,22161,8704346,140g,https://www.coles.com.au/product/vaalia-probiotics-banana-kids-yoghurt-pouch-140g-8704346,https://www.coles.com.au/_next/image?url=https%3A%2F%2Fcdn.productimages.coles.com.au%2Fproductimages%2F8%2F8704346.jpg&w=640&q=90
9.31004E+12,Vaalia Kids Probiotic Yoghurt Pouch Banana 140g,Woolworths,22161,374976,140g,https://www.woolworths.com.au/shop/productdetails/374976/vaalia-kids-probiotic-yoghurt-pouch-banana,https://cdn0.woolworths.media/content/wowproductimages/large/374976.jpg
9.31004E+12,Vaalia Kids Pouch Yoghurt Blueberry | 140g,coles,22161,3537881,140g,https://www.coles.com.au/product/vaalia-kids-pouch-yoghurt-blueberry-140g-3537881,https://www.coles.com.au/_next/image?url=https%3A%2F%2Fcdn.productimages.coles.com.au%2Fproductimages%2F3%2F3537881.jpg&w=640&q=90
9.31004E+12,Vaalia Kids Probiotic Yoghurt Pouch Blueberry 140g,Woolworths,22161,123956,140g,https://www.woolworths.com.au/shop/productdetails/123956/vaalia-kids-probiotic-yoghurt-pouch-blueberry,https://cdn0.woolworths.media/content/wowproductimages/large/123956.jpg
9.31004E+12,Vaalia Kids Lactose Free Strawberry Yoghurt | 140g,coles,22161,1495259,140g,https://www.coles.com.au/product/vaalia-kids-lactose-free-strawberry-yoghurt-140g-1495259,https://www.coles.com.au/_next/image?url=https%3A%2F%2Fcdn.productimages.coles.com.au%2Fproductimages%2F1%2F1495259.jpg&w=640&q=90
9.31004E+12,Vaalia Kids Probiotic Yoghurt Pouch Lactose Free Strawberry 140g,Woolworths,22161,751890,140g,https://www.woolworths.com.au/shop/productdetails/751890/vaalia-kids-probiotic-yoghurt-pouch-lactose-free-strawberry,https://cdn0.woolworths.media/content/wowproductimages/large/751890.jpg
9.31004E+12,Vaalia Kids Lactose Free Vanilla Yoghurt Pouch | 140g,coles,22161,1199245,140g,https://www.coles.com.au/product/vaalia-kids-lactose-free-vanilla-yoghurt-pouch-140g-1199245,https://www.coles.com.au/_next/image?url=https%3A%2F%2Fcdn.productimages.coles.com.au%2Fproductimages%2F1%2F1199245.jpg&w=640&q=90
9.31004E+12,Vaalia Kids Probiotic Yoghurt Pouch Lactose Free Vanilla 140g,Woolworths,22161,751971,140g,https://www.woolworths.com.au/shop/productdetails/751971/vaalia-kids-probiotic-yoghurt-pouch-lactose-free-vanilla,https://cdn0.woolworths.media/content/wowproductimages/large/751971.jpg
9.31004E+12,Vaalia Kids Tropical Yoghurt Pouch | 140g,coles,22161,7246870,140g,https://www.coles.com.au/product/vaalia-kids-tropical-yoghurt-pouch-140g-7246870,https://www.coles.com.au/_next/image?url=https%3A%2F%2Fcdn.productimages.coles.com.au%2Fproductimages%2F7%2F7246870.jpg&w=640&q=90
9.31004E+12,Vaalia Kids Probiotic Yoghurt Pouch Tropical 140g,Woolworths,22161,360392,140g,https://www.woolworths.com.au/shop/productdetails/360392/vaalia-kids-probiotic-yoghurt-pouch-tropical,https://cdn0.woolworths.media/content/wowproductimages/large/360392.jpg
9.31004E+12,Vaalia Kids Vanilla Yoghurt Pouch | 140g,coles,22161,7246869,140g,https://www.coles.com.au/product/vaalia-kids-vanilla-yoghurt-pouch-140g-7246869,https://www.coles.com.au/_next/image?url=https%3A%2F%2Fcdn.productimages.coles.com.au%2Fproductimages%2F7%2F7246869.jpg&w=640&q=90
9.31004E+12,Vaalia Kids Probiotic Yoghurt Pouch Vanilla 140g,Woolworths,22161,331445,140g,https://www.woolworths.com.au/shop/productdetails/331445/vaalia-kids-probiotic-yoghurt-pouch-vanilla,https://cdn0.woolworths.media/content/wowproductimages/large/331445.jpg
9.3102E+12,Yoplait Petit Miam Squeezie Fruit Salad Yoghurt Pouch | 70g,coles,22161,6569217,70g,https://www.coles.com.au/product/yoplait-petit-miam-squeezie-fruit-salad-yoghurt-pouch-70g-6569217,https://www.coles.com.au/_next/image?url=https%3A%2F%2Fcdn.productimages.coles.com.au%2Fproductimages%2F6%2F6569217.jpg&w=640&q=90
9.3102E+12,Yoplait Petit Miam Fruit Salad 70g,Woolworths,22161,312179,70G,https://www.woolworths.com.au/shop/productdetails/312179/yoplait-petit-miam-fruit-salad,https://cdn0.woolworths.media/content/wowproductimages/large/312179.jpg
9.3102E+12,Yoplait Petit Miam Squeezie Banana Yoghurt Pouch | 70g,coles,22161,6569240,70g,https://www.coles.com.au/product/yoplait-petit-miam-squeezie-banana-yoghurt-pouch-70g-6569240,https://www.coles.com.au/_next/image?url=https%3A%2F%2Fcdn.productimages.coles.com.au%2Fproductimages%2F6%2F6569240.jpg&w=640&q=90
9.3102E+12,Yoplait Petit Miam Kids Yoghurt Pouch Banana 70g,Woolworths,22161,312195,70G,https://www.woolworths.com.au/shop/productdetails/312195/yoplait-petit-miam-kids-yoghurt-pouch-banana,https://cdn0.woolworths.media/content/wowproductimages/large/312195.jpg
9.30066E+12,Yoplait Petit Miam Blueberry Yoghurt Squeezie Pouch | 70g,coles,22161,8126057,70g,https://www.coles.com.au/product/yoplait-petit-miam-blueberry-yoghurt-squeezie-pouch-70g-8126057,https://www.coles.com.au/_next/image?url=https%3A%2F%2Fcdn.productimages.coles.com.au%2Fproductimages%2F8%2F8126057.jpg&w=640&q=90
9.30066E+12,Yoplait Petit Miam Kids Yoghurt Pouch Blueberry 70g,Woolworths,22161,374587,70G,https://www.woolworths.com.au/shop/productdetails/374587/yoplait-petit-miam-kids-yoghurt-pouch-blueberry,https://cdn0.woolworths.media/content/wowproductimages/large/374587.jpg
9.30066E+12,Yoplait Petit Miam Squeezie Strawberry Yoghurt Pouch | 70g,coles,22161,6569239,70g,https://www.coles.com.au/product/yoplait-petit-miam-squeezie-strawberry-yoghurt-pouch-70g-6569239,https://www.coles.com.au/_next/image?url=https%3A%2F%2Fcdn.productimages.coles.com.au%2Fproductimages%2F6%2F6569239.jpg&w=640&q=90
9.30066E+12,Yoplait Petit Miam Kids Yoghurt Pouch Strawberry 70g,Woolworths,22161,312191,70G,https://www.woolworths.com.au/shop/productdetails/312191/yoplait-petit-miam-kids-yoghurt-pouch-strawberry,https://cdn0.woolworths.media/content/wowproductimages/large/312191.jpg
9.30066E+12,Yoplait Petit Miam Vanilla Yoghurt Pouch | 70g,coles,22161,2744734,70g,https://www.coles.com.au/product/yoplait-petit-miam-vanilla-yoghurt-pouch-70g-2744734,https://www.coles.com.au/_next/image?url=https%3A%2F%2Fcdn.productimages.coles.com.au%2Fproductimages%2F2%2F2744734.jpg&w=640&q=90
9.30066E+12,Yoplait Petit Miam Kids Yogurt Pouch Vanilla No Sugar Added 70g,Woolworths,22161,6002679,70g,https://www.woolworths.com.au/shop/productdetails/6002679/yoplait-petit-miam-kids-yogurt-pouch-vanilla-no-sugar-added,https://cdn0.woolworths.media/content/wowproductimages/large/6002679.jpg
9.30066E+12,Yoplait Petit Miam Mango Yoghurt Pouch | 70g,coles,22161,3536368,70g,https://www.coles.com.au/product/yoplait-petit-miam-mango-yoghurt-pouch-70g-3536368,https://www.coles.com.au/_next/image?url=https%3A%2F%2Fcdn.productimages.coles.com.au%2Fproductimages%2F3%2F3536368.jpg&w=640&q=90
9.30066E+12,Yoplait Petit Miam Mango Pouch 70g,Woolworths,22161,805964,70g,https://www.woolworths.com.au/shop/productdetails/805964/yoplait-petit-miam-mango-pouch,https://cdn0.woolworths.media/content/wowproductimages/large/805964.jpg
9.31004E+12,Vaalia French Vanilla Low Fat Yoghurt | 900g,coles,22161,7181195,900g,https://www.coles.com.au/product/vaalia-french-vanilla-low-fat-yoghurt-900g-7181195,https://www.coles.com.au/_next/image?url=https%3A%2F%2Fcdn.productimages.coles.com.au%2Fproductimages%2F7%2F7181195.jpg&w=640&q=90
9.31004E+12,Vaalia Probiotic Yoghurt French Vanilla 900g,Woolworths,22161,13834,900g,https://www.woolworths.com.au/shop/productdetails/13834/vaalia-probiotic-yoghurt-french-vanilla,https://cdn0.woolworths.media/content/wowproductimages/large/013834.jpg
9.31018E+12,Tibaldi Ham Off The Bone | 120g,coles,24029,3575927,120g,https://www.coles.com.au/product/tibaldi-ham-off-the-bone-120g-3575927,https://www.coles.com.au/_next/image?url=https%3A%2F%2Fcdn.productimages.coles.com.au%2Fproductimages%2F3%2F3575927.jpg&w=640&q=90
9.31018E+12,Tibaldi Signature Ham Off The Bone 120g,Woolworths,24029,27566,120G,https://www.woolworths.com.au/shop/productdetails/27566/tibaldi-signature-ham-off-the-bone,https://cdn0.woolworths.media/content/wowproductimages/large/027566.jpg
9.3156E+12,Sunkist Zero Sugar Orange Soda Syrup Sugar Free Cordial | 300mL,coles,22178,4807347,300ml,https://www.coles.com.au/product/sunkist-zero-sugar-orange-soda-syrup-sugar-free-cordial-300ml-4807347,https://www.coles.com.au/_next/image?url=https%3A%2F%2Fcdn.productimages.coles.com.au%2Fproductimages%2F4%2F4807347.jpg&w=640&q=90
9.3156E+12,Sunkist Zero Sugar Orange Soda Syrup Sugar Free Cordial 300ml,Woolworths,22178,159946,300mL,https://www.woolworths.com.au/shop/productdetails/159946/sunkist-zero-sugar-orange-soda-syrup-sugar-free-cordial,https://cdn0.woolworths.media/content/wowproductimages/large/159946.jpg
9.30063E+12,Coles Lime Cordial | 750mL,coles,22178,5264407,750ml,https://www.coles.com.au/product/coles-lime-cordial-750ml-5264407,https://www.coles.com.au/_next/image?url=https%3A%2F%2Fcdn.productimages.coles.com.au%2Fproductimages%2F5%2F5264407.jpg&w=640&q=90
9.30063E+12,Woolworths Lime Cordial 750ml,Woolworths,22178,323210,750mL,https://www.woolworths.com.au/shop/productdetails/323210/woolworths-lime-cordial,https://cdn0.woolworths.media/content/wowproductimages/large/323210.jpg
9.3156E+12,Sunkist Orange Soft Drink Cans Multipack 375mL x 30 Pack | 30 pack,coles,22219,7837399,30pack,https://www.coles.com.au/product/sunkist-orange-soft-drink-cans-multipack-375ml-x-30-pack-30-pack-7837399,https://www.coles.com.au/_next/image?url=https%3A%2F%2Fcdn.productimages.coles.com.au%2Fproductimages%2F7%2F7837399.jpg&w=640&q=90
9.3156E+12,Sunkist Orange Soft Drink Cans Multipack 375ml x 30 Pack,Woolworths,22219,830734,375mL x 30 Pack,https://www.woolworths.com.au/shop/productdetails/830734/sunkist-orange-soft-drink-cans-multipack,https://cdn0.woolworths.media/content/wowproductimages/large/830734.jpg
9.32413E+12,Arkadia Spice Chai Tea Sachets 20 pack | 400g,coles,22228,3452610,400g,https://www.coles.com.au/product/arkadia-spice-chai-tea-sachets-20-pack-400g-3452610,https://www.coles.com.au/_next/image?url=https%3A%2F%2Fcdn.productimages.coles.com.au%2Fproductimages%2F3%2F3452610.jpg&w=640&q=90
9.32413E+12,Arkadia Chai Tea Spice Sachets 20 Pack,Woolworths,22228,577085,20 Pack,https://www.woolworths.com.au/shop/productdetails/577085/arkadia-chai-tea-spice-sachets,https://cdn0.woolworths.media/content/wowproductimages/large/577085.jpg
70177102920,Twinings Russian Caravan Tea Bags | 10 pack,coles,23944,8116053,10pack,https://www.coles.com.au/product/twinings-russian-caravan-tea-bags-10-pack-8116053,https://www.coles.com.au/_next/image?url=https%3A%2F%2Fcdn.productimages.coles.com.au%2Fproductimages%2F8%2F8116053.jpg&w=640&q=90
70177102920,Twinings Russian Caravan Tea Bags 10 Pack,Woolworths,23944,10109,10 Pack,https://www.woolworths.com.au/shop/productdetails/10109/twinings-russian-caravan-tea-bags-tea-bags,https://cdn0.woolworths.media/content/wowproductimages/large/010109.jpg
70177244293,Twinings Pure Green Tea Bags 50 pack | 100g,coles,23946,5823291,100g,https://www.coles.com.au/product/twinings-pure-green-tea-bags-50-pack-100g-5823291,https://www.coles.com.au/_next/image?url=https%3A%2F%2Fcdn.productimages.coles.com.au%2Fproductimages%2F5%2F5823291.jpg&w=640&q=90
70177244293,Twinings Pure Green Tea Bags 50 Pack,Woolworths,23946,262437,50 Pack,https://www.woolworths.com.au/shop/productdetails/262437/twinings-pure-green-tea-bags-bags,https://cdn0.woolworths.media/content/wowproductimages/large/262437.jpg
9.35014E+12,The Juice Lab Wellness Multidose Shot Immunity | 350mL,coles,22231,5624659,350ml,https://www.coles.com.au/product/the-juice-lab-wellness-multidose-shot-immunity-350ml-5624659,https://www.coles.com.au/_next/image?url=https%3A%2F%2Fcdn.productimages.coles.com.au%2Fproductimages%2F5%2F5624659.jpg&w=640&q=90
9.35014E+12,The Juice Lab Well Immune Multidose Orange Turmeric Ginger 350ml,Woolworths,22231,247557,350ml,https://www.woolworths.com.au/shop/productdetails/247557/the-juice-lab-well-immune-multidose-orange-turmeric-ginger,https://cdn0.woolworths.media/content/wowproductimages/large/247557.jpg
93562881,The Juice Lab Wellness Shot Immunity | 60mL,coles,22231,3960746,60ml,https://www.coles.com.au/product/the-juice-lab-wellness-shot-immunity-60ml-3960746,https://www.coles.com.au/_next/image?url=https%3A%2F%2Fcdn.productimages.coles.com.au%2Fproductimages%2F3%2F3960746.jpg&w=640&q=90
93562881,The Juice Lab Wellness Shot Calm 60ml,Woolworths,22231,227257,60ml,https://www.woolworths.com.au/shop/productdetails/227257/the-juice-lab-wellness-shot-calm,https://cdn0.woolworths.media/content/wowproductimages/large/227257.jpg
9.33969E+12,Coles Sports Spring Water | 1L,coles,22233,3871475,1l,https://www.coles.com.au/product/coles-sports-spring-water-1l-3871475,https://www.coles.com.au/_next/image?url=https%3A%2F%2Fcdn.productimages.coles.com.au%2Fproductimages%2F3%2F3871475.jpg&w=640&q=90
9.33969E+12,Woolworths Spring Water Sipper 1l,Woolworths,22233,130769,1L,https://www.woolworths.com.au/shop/productdetails/130769/woolworths-spring-water-sipper,https://cdn0.woolworths.media/content/wowproductimages/large/130769.jpg
9.30083E+12,Weis Ice Cream Mini Bars Mango 6 Pack | 264mL,coles,22339,6172508,264ml,https://www.coles.com.au/product/weis-ice-cream-mini-bars-mango-6-pack-264ml-6172508,https://www.coles.com.au/_next/image?url=https%3A%2F%2Fcdn.productimages.coles.com.au%2Fproductimages%2F6%2F6172508.jpg&w=640&q=90
9.30083E+12,Weis Mini Ice Cream & Fruit Bar Mango 6 x 44mL,Woolworths,22339,281466,6 x 44mL,https://www.woolworths.com.au/shop/productdetails/281466/weis-mini-ice-cream-fruit-bar-mango,https://cdn0.woolworths.media/content/wowproductimages/large/281466.jpg
9.30063E+12,Coles Red Delicious Apples Prepacked | 1kg,coles,22353,4409107,1kg,https://www.coles.com.au/product/coles-red-delicious-apples-prepacked-1kg-4409107,https://www.coles.com.au/_next/image?url=https%3A%2F%2Fcdn.productimages.coles.com.au%2Fproductimages%2F4%2F4409107.jpg&w=640&q=90
9.30063E+12,Woolworths Apple Red Delicious 1Kg Punnet,Woolworths,22353,314020,1Kg Punnet,https://www.woolworths.com.au/shop/productdetails/314020/woolworths-apple-red-delicious,https://cdn0.woolworths.media/content/wowproductimages/large/314020.jpg
2.6549E+11,Coles Panama Passionfruit | 1 each,coles,22364,5415852,1each,https://www.coles.com.au/product/coles-panama-passionfruit-1-each-5415852,https://www.coles.com.au/_next/image?url=https%3A%2F%2Fcdn.productimages.coles.com.au%2Fproductimages%2F5%2F5415852.jpg&w=640&q=90
2.6549E+11,Passionfruit Panama Each,Woolworths,22364,144800,Each,https://www.woolworths.com.au/shop/productdetails/144800/passionfruit-panama,https://cdn0.woolworths.media/content/wowproductimages/large/144800.jpg
9.33969E+12,Coles Organic Pak Choy Bunch | 1 each,coles,22370,5017430,1each,https://www.coles.com.au/product/coles-organic-pak-choy-bunch-1-each-5017430,https://www.coles.com.au/_next/image?url=https%3A%2F%2Fcdn.productimages.coles.com.au%2Fproductimages%2F5%2F5017430.jpg&w=640&q=90
9.33969E+12,Organic Pak Choy Baby Each,Woolworths,22370,856965,Each,https://www.woolworths.com.au/shop/productdetails/856965/organic-pak-choy-baby,https://cdn0.woolworths.media/content/wowproductimages/large/856965.jpg
9.33969E+12,Coles Organic Pak Choy Bunch | 1 each,coles,23987,5017430,1each,https://www.coles.com.au/product/coles-organic-pak-choy-bunch-1-each-5017430,https://www.coles.com.au/_next/image?url=https%3A%2F%2Fcdn.productimages.coles.com.au%2Fproductimages%2F5%2F5017430.jpg&w=640&q=90
9.33969E+12,Organic Pak Choy Baby Each,Woolworths,23987,856965,Each,https://www.woolworths.com.au/shop/productdetails/856965/organic-pak-choy-baby,https://cdn0.woolworths.media/content/wowproductimages/large/856965.jpg
2.6697E+11,Coles Green Cucumber | 1 each,coles,22374,4559314,1each,https://www.coles.com.au/product/coles-green-cucumber-1-each-4559314,https://www.coles.com.au/_next/image?url=https%3A%2F%2Fcdn.productimages.coles.com.au%2Fproductimages%2F4%2F4559314.jpg&w=640&q=90
2.6697E+11,Cucumber Green Each,Woolworths,22374,137122,Each,https://www.woolworths.com.au/shop/productdetails/137122/cucumber-green,https://cdn0.woolworths.media/content/wowproductimages/large/137122.jpg
9.30063E+12,Coles Celery Sticks Prepacked | 300g,coles,22381,1069160,300g,https://www.coles.com.au/product/coles-celery-sticks-prepacked-300g-1069160,https://www.coles.com.au/_next/image?url=https%3A%2F%2Fcdn.productimages.coles.com.au%2Fproductimages%2F1%2F1069160.jpg&w=640&q=90
9.30063E+12,Woolworths Celery Sticks 300g Punnet,Woolworths,22381,745467,300G Punnet,https://www.woolworths.com.au/shop/productdetails/745467/woolworths-celery-sticks,https://cdn0.woolworths.media/content/wowproductimages/large/745467.jpg
9.30067E+12,Sensodyne Cool Mint Gentle Mouthwash for Sensitive Mouths | 500mL,coles,23817,2222375,500ml,https://www.coles.com.au/product/sensodyne-cool-mint-gentle-mouthwash-for-sensitive-mouths-500ml-2222375,https://www.coles.com.au/_next/image?url=https%3A%2F%2Fcdn.productimages.coles.com.au%2Fproductimages%2F2%2F2222375.jpg&w=640&q=90
9.30067E+12,Sensodyne Cool Mint Gentle Mouthwash For Sensitive Mouths 500ml,Woolworths,23817,826033,500ml,https://www.woolworths.com.au/shop/productdetails/826033/sensodyne-cool-mint-gentle-mouthwash-for-sensitive-mouths,https://cdn0.woolworths.media/content/wowproductimages/large/826033.jpg
9.31215E+12,Thursday Plantation Antiseptic Spray with Aloe Vera | 100mL,coles,22421,1835313,100ml,https://www.coles.com.au/product/thursday-plantation-antiseptic-spray-with-aloe-vera-100ml-1835313,https://www.coles.com.au/_next/image?url=https%3A%2F%2Fcdn.productimages.coles.com.au%2Fproductimages%2F1%2F1835313.jpg&w=640&q=90
9.31215E+12,Thursday Plantation Tea Tree Antiseptic Spray 100ml,Woolworths,22421,771667,100mL,https://www.woolworths.com.au/shop/productdetails/771667/thursday-plantation-tea-tree-antiseptic-spray,https://cdn0.woolworths.media/content/wowproductimages/large/771667.jpg
7.32254E+12,Tena For Men Large Level 4 Premium Fit Maxi Incontinence Pants | 8 pack,coles,23922,9886577,8pack,https://www.coles.com.au/product/tena-for-men-large-level-4-premium-fit-maxi-incontinence-pants-8-pack-9886577,https://www.coles.com.au/_next/image?url=https%3A%2F%2Fcdn.productimages.coles.com.au%2Fproductimages%2F9%2F9886577.jpg&w=640&q=90
7.32254E+12,Tena Pants For Men Level 4 Medium To Large 8 Pack,Woolworths,23922,721913,8 Pack,https://www.woolworths.com.au/shop/productdetails/721913/tena-pants-for-men-level-4-medium-to-large,https://cdn0.woolworths.media/content/wowproductimages/large/721913.jpg
9.33344E+12,White King Bleach Lemon | 2.5L,coles,22479,170350,2.5l,https://www.coles.com.au/product/white-king-bleach-lemon-2.5l-170350,https://www.coles.com.au/_next/image?url=https%3A%2F%2Fcdn.productimages.coles.com.au%2Fproductimages%2F1%2F170350.jpg&w=640&q=90
9.33344E+12,White King Premium Bleach Lemon 2.5L,Woolworths,22479,37801,2.5L,https://www.woolworths.com.au/shop/productdetails/37801/white-king-premium-bleach-lemon,https://cdn0.woolworths.media/content/wowproductimages/large/037801.jpg
9.33344E+12,White King Bleach Regular | 2.5L,coles,22479,170339,2.5l,https://www.coles.com.au/product/white-king-bleach-regular-2.5l-170339,https://www.coles.com.au/_next/image?url=https%3A%2F%2Fcdn.productimages.coles.com.au%2Fproductimages%2F1%2F170339.jpg&w=640&q=90
9.33344E+12,White King Premium Bleach Regular 2.5L,Woolworths,22479,44100,2.5L,https://www.woolworths.com.au/shop/productdetails/44100/white-king-premium-bleach-regular,https://cdn0.woolworths.media/content/wowproductimages/large/044100.jpg
5.00015E+12,Silvo Silver Polish | 250mL,coles,22481,8486165,250ml,https://www.coles.com.au/product/silvo-silver-polish-250ml-8486165,https://www.coles.com.au/_next/image?url=https%3A%2F%2Fcdn.productimages.coles.com.au%2Fproductimages%2F8%2F8486165.jpg&w=640&q=90
5.00015E+12,Silvo Silver Polish 250ml,Woolworths,22481,114787,250ml,https://www.woolworths.com.au/shop/productdetails/114787/silvo-silver-polish,https://cdn0.woolworths.media/content/wowproductimages/large/114787.jpg
8.85001E+12,Palmolive Ultra Strength Concentrate Dishwashing Liquid Vanilla & Berries | 950mL,coles,22555,5000675,950ml,https://www.coles.com.au/product/palmolive-ultra-strength-concentrate-dishwashing-liquid-vanilla-and-berries-950ml-5000675,https://www.coles.com.au/_next/image?url=https%3A%2F%2Fcdn.productimages.coles.com.au%2Fproductimages%2F5%2F5000675.jpg&w=640&q=90
8.85001E+12,Palmolive Dishwashing Liquid Vanilla & Berries - Ultra 950ml,Woolworths,22555,213212,950ml,https://www.woolworths.com.au/shop/productdetails/213212/palmolive-dishwashing-liquid-vanilla-berries-ultra,https://cdn0.woolworths.media/content/wowproductimages/large/213212.jpg
9.4142E+12,Sistema To Go Sandwich Box | 1 each,coles,22560,8549775,1each,https://www.coles.com.au/product/sistema-to-go-sandwich-box-1-each-8549775,https://www.coles.com.au/_next/image?url=https%3A%2F%2Fcdn.productimages.coles.com.au%2Fproductimages%2F8%2F8549775.jpg&w=640&q=90
9.4142E+12,Sistema To Go Sandwich Lunch Box 450ml Assorted each,Woolworths,22560,711918,each,https://www.woolworths.com.au/shop/productdetails/711918/sistema-to-go-sandwich-lunch-box-450ml-assorted,https://cdn0.woolworths.media/content/wowproductimages/large/711918.jpg
9.32545E+12,Smash Blue Stainless Steel Meal Box 600mL | 1 each,coles,22560,3783200,1each,https://www.coles.com.au/product/smash-blue-stainless-steel-meal-box-600ml-1-each-3783200,https://www.coles.com.au/_next/image?url=https%3A%2F%2Fcdn.productimages.coles.com.au%2Fproductimages%2F3%2F3783200.jpg&w=640&q=90
9.32545E+12,Smash Blue Stainless Steel Meal Box Assorted Each,Woolworths,22560,103660,Each,https://www.woolworths.com.au/shop/productdetails/103660/smash-blue-stainless-steel-meal-box-assorted,https://cdn0.woolworths.media/content/wowproductimages/large/103660.jpg
9.30062E+12,Radiant Laundry Powder Brightens Whites Or Colours | 2kg,coles,22570,3997940,2kg,https://www.coles.com.au/product/radiant-laundry-powder-brightens-whites-or-colours-2kg-3997940,https://www.coles.com.au/_next/image?url=https%3A%2F%2Fcdn.productimages.coles.com.au%2Fproductimages%2F3%2F3997940.jpg&w=640&q=90
9.30062E+12,Radiant Whites Or Colours Laundry Detergent Washing Powder 2kg,Woolworths,22570,141938,2Kg,https://www.woolworths.com.au/shop/productdetails/141938/radiant-whites-or-colours-laundry-detergent-washing-powder,https://cdn0.woolworths.media/content/wowproductimages/large/141938.jpg
9.30062E+12,Radiant Laundry Powder Whites & Colours | 4kg,coles,22570,3997928,4kg,https://www.coles.com.au/product/radiant-laundry-powder-whites-and-colours-4kg-3997928,https://www.coles.com.au/_next/image?url=https%3A%2F%2Fcdn.productimages.coles.com.au%2Fproductimages%2F3%2F3997928.jpg&w=640&q=90
9.30062E+12,Radiant Whites Or Colours Laundry Detergent Washing Powder 4kg,Woolworths,22570,143356,4Kg,https://www.woolworths.com.au/shop/productdetails/143356/radiant-whites-or-colours-laundry-detergent-washing-powder,https://cdn0.woolworths.media/content/wowproductimages/large/143356.jpg
9.31033E+12,Dollar Sweets Gold Delight Sprinkles | 145g,coles,22780,2777802,145g,https://www.coles.com.au/product/dollar-sweets-gold-delight-sprinkles-145g-2777802,https://www.coles.com.au/_next/image?url=https%3A%2F%2Fcdn.productimages.coles.com.au%2Fproductimages%2F2%2F2777802.jpg&w=640&q=90
9.31033E+12,The Creative Kitchen Gold Delight 4 Compartment Jar Each,Woolworths,22780,828689,Each,https://www.woolworths.com.au/shop/productdetails/828689/the-creative-kitchen-gold-delight-4-compartment-jar,https://cdn0.woolworths.media/content/wowproductimages/large/828689.jpg
9.30065E+12,Sanitarium Weet-Bix Organic Breakfast Cereal | 750g,coles,22786,4975895,750g,https://www.coles.com.au/product/sanitarium-weet-bix-organic-breakfast-cereal-750g-4975895,https://www.coles.com.au/_next/image?url=https%3A%2F%2Fcdn.productimages.coles.com.au%2Fproductimages%2F4%2F4975895.jpg&w=640&q=90
9.30065E+12,Weet-Bix Weet-Bix Organic Breakfast Cereal 750G,Woolworths,22786,246967,750G,https://www.woolworths.com.au/shop/productdetails/246967/weet-bix-organic-breakfast-cereal,https://cdn0.woolworths.media/content/wowproductimages/large/246967.jpg
9.30068E+12,Capilano Clear Honey Twist & Squeeze | 375g,coles,22789,7000188,375g,https://www.coles.com.au/product/capilano-clear-honey-twist-and-squeeze-375g-7000188,https://www.coles.com.au/_next/image?url=https%3A%2F%2Fcdn.productimages.coles.com.au%2Fproductimages%2F7%2F7000188.jpg&w=640&q=90
9.30068E+12,Capilano 100% Pure Australian Honey Twist & Squeeze 375g,Woolworths,22789,342395,375g,https://www.woolworths.com.au/shop/productdetails/342395/capilano-100-pure-australian-honey-twist-squeeze,https://cdn0.woolworths.media/content/wowproductimages/large/342395.jpg
9.30061E+12,Uncle Tobys Oats Quick Sachets Breakfast Cereal Banana Honey Big Bowl | 368g,coles,22791,3993199,368g,https://www.coles.com.au/product/uncle-tobys-oats-quick-sachets-breakfast-cereal-banana-honey-big-bowl-368g-3993199,https://www.coles.com.au/_next/image?url=https%3A%2F%2Fcdn.productimages.coles.com.au%2Fproductimages%2F3%2F3993199.jpg&w=640&q=90
9.30061E+12,Uncle Tobys Oats Quick Sachets Big Bowl Banana & Honey Porridge 368g,Woolworths,22791,148985,368g,https://www.woolworths.com.au/shop/productdetails/148985/uncle-tobys-oats-quick-sachets-big-bowl-banana-honey-porridge,https://cdn0.woolworths.media/content/wowproductimages/large/148985.jpg
9.30061E+12,Uncle Tobys Oats Quick Sachets Breakfast Cereal Creamy Honey Big Bowl | 368g,coles,22791,3993144,368g,https://www.coles.com.au/product/uncle-tobys-oats-quick-sachets-breakfast-cereal-creamy-honey-big-bowl-368g-3993144,https://www.coles.com.au/_next/image?url=https%3A%2F%2Fcdn.productimages.coles.com.au%2Fproductimages%2F3%2F3993144.jpg&w=640&q=90
9.30061E+12,Uncle Tobys Oats Quick Sachets Big Bowl Creamy Honey Porridge 368g,Woolworths,22791,147720,368g,https://www.woolworths.com.au/shop/productdetails/147720/uncle-tobys-oats-quick-sachets-big-bowl-creamy-honey-porridge,https://cdn0.woolworths.media/content/wowproductimages/large/147720.jpg
9.30061E+12,Uncle Tobys Oats Quick Sachets Breakfast Cereal Original Big Bowl | 368g,coles,22791,3993202,368g,https://www.coles.com.au/product/uncle-tobys-oats-quick-sachets-breakfast-cereal-original-big-bowl-368g-3993202,https://www.coles.com.au/_next/image?url=https%3A%2F%2Fcdn.productimages.coles.com.au%2Fproductimages%2F3%2F3993202.jpg&w=640&q=90
9.30061E+12,Uncle Tobys Oats Quick Sachets Big Bowl Original Porridge 368g,Woolworths,22791,148281,368g,https://www.woolworths.com.au/shop/productdetails/148281/uncle-tobys-oats-quick-sachets-big-bowl-original-porridge,https://cdn0.woolworths.media/content/wowproductimages/large/148281.jpg
9.30061E+12,Uncle Tobys Oats Quick Sachets Brown Sugar & Cinnamon | 350g,coles,22791,3992560,350g,https://www.coles.com.au/product/uncle-tobys-oats-quick-sachets-brown-sugar-and-cinnamon-350g-3992560,https://www.coles.com.au/_next/image?url=https%3A%2F%2Fcdn.productimages.coles.com.au%2Fproductimages%2F3%2F3992560.jpg&w=640&q=90
9.30061E+12,Uncle Tobys Oats Quick Sachets Brown Sugar & Cinnamon Porridge 350g,Woolworths,22791,148885,350g,https://www.woolworths.com.au/shop/productdetails/148885/uncle-tobys-oats-quick-sachets-brown-sugar-cinnamon-porridge,https://cdn0.woolworths.media/content/wowproductimages/large/148885.jpg
9.30061E+12,Uncle Tobys Oats Quick Sachets Classic Variety | 350g,coles,22791,3992527,350g,https://www.coles.com.au/product/uncle-tobys-oats-quick-sachets-classic-variety-350g-3992527,https://www.coles.com.au/_next/image?url=https%3A%2F%2Fcdn.productimages.coles.com.au%2Fproductimages%2F3%2F3992527.jpg&w=640&q=90
9.30061E+12,Uncle Tobys Oats Quick Sachets Classic Variety Porridge 350g,Woolworths,22791,148976,350g,https://www.woolworths.com.au/shop/productdetails/148976/uncle-tobys-oats-quick-sachets-classic-variety-porridge,https://cdn0.woolworths.media/content/wowproductimages/large/148976.jpg
9.30061E+12,Uncle Tobys Oats Quick Sachets Creamy Honey | 350g,coles,22791,3992629,350g,https://www.coles.com.au/product/uncle-tobys-oats-quick-sachets-creamy-honey-350g-3992629,https://www.coles.com.au/_next/image?url=https%3A%2F%2Fcdn.productimages.coles.com.au%2Fproductimages%2F3%2F3992629.jpg&w=640&q=90
9.30061E+12,Uncle Tobys Oats Quick Sachets Creamy Honey Porridge 350g,Woolworths,22791,148364,350g,https://www.woolworths.com.au/shop/productdetails/148364/uncle-tobys-oats-quick-sachets-creamy-honey-porridge,https://cdn0.woolworths.media/content/wowproductimages/large/148364.jpg
9.30061E+12,Uncle Tobys Oats Quick Sachets Creamy Vanilla | 350g,coles,22791,3992684,350g,https://www.coles.com.au/product/uncle-tobys-oats-quick-sachets-creamy-vanilla-350g-3992684,https://www.coles.com.au/_next/image?url=https%3A%2F%2Fcdn.productimages.coles.com.au%2Fproductimages%2F3%2F3992684.jpg&w=640&q=90
9.30061E+12,Uncle Tobys Oats Quick Sachets Creamy Vanilla Porridge 350g,Woolworths,22791,147588,350g,https://www.woolworths.com.au/shop/productdetails/147588/uncle-tobys-oats-quick-sachets-creamy-vanilla-porridge,https://cdn0.woolworths.media/content/wowproductimages/large/147588.jpg
9.30061E+12,Uncle Tobys Oats Quick Sachets Breakfast Cereal Creamy Honey | 700g,coles,22791,3993166,700g,https://www.coles.com.au/product/uncle-tobys-oats-quick-sachets-breakfast-cereal-creamy-honey-700g-3993166,https://www.coles.com.au/_next/image?url=https%3A%2F%2Fcdn.productimages.coles.com.au%2Fproductimages%2F3%2F3993166.jpg&w=640&q=90
9.30061E+12,Uncle Tobys Oats Quick Sachets Family Pack Creamy Honey Porridge 700g,Woolworths,22791,147896,700g,https://www.woolworths.com.au/shop/productdetails/147896/uncle-tobys-oats-quick-sachets-family-pack-creamy-honey-porridge,https://cdn0.woolworths.media/content/wowproductimages/large/147896.jpg
9.30061E+12,Uncle Tobys Oats Quick Sachets Breakfast Cereal Original | 680g,coles,22791,3993177,680g,https://www.coles.com.au/product/uncle-tobys-oats-quick-sachets-breakfast-cereal-original-680g-3993177,https://www.coles.com.au/_next/image?url=https%3A%2F%2Fcdn.productimages.coles.com.au%2Fproductimages%2F3%2F3993177.jpg&w=640&q=90
9.30061E+12,Uncle Tobys Oats Quick Sachets Family Pack Original Porridge 680g,Woolworths,22791,149502,680g,https://www.woolworths.com.au/shop/productdetails/149502/uncle-tobys-oats-quick-sachets-family-pack-original-porridge,https://cdn0.woolworths.media/content/wowproductimages/large/149502.jpg
9.30061E+12,Uncle Tobys Oats Quick Sachets Fruit Variety | 350g,coles,22791,3992582,350g,https://www.coles.com.au/product/uncle-tobys-oats-quick-sachets-fruit-variety-350g-3992582,https://www.coles.com.au/_next/image?url=https%3A%2F%2Fcdn.productimages.coles.com.au%2Fproductimages%2F3%2F3992582.jpg&w=640&q=90
9.30061E+12,Uncle Tobys Oats Quick Sachets Fruit Variety Porridge 350g,Woolworths,22791,147398,350g,https://www.woolworths.com.au/shop/productdetails/147398/uncle-tobys-oats-quick-sachets-fruit-variety-porridge,https://cdn0.woolworths.media/content/wowproductimages/large/147398.jpg
9.30061E+12,Uncle Tobys Oats Quick Sachets Breakfast Cereal Hi Fibre | 320g,coles,22791,3994908,320g,https://www.coles.com.au/product/uncle-tobys-oats-quick-sachets-breakfast-cereal-hi-fibre-320g-3994908,https://www.coles.com.au/_next/image?url=https%3A%2F%2Fcdn.productimages.coles.com.au%2Fproductimages%2F3%2F3994908.jpg&w=640&q=90
9.30061E+12,Uncle Tobys Oats Quick Sachets Hi-Fibre Porridge 320g,Woolworths,22791,148396,320g,https://www.woolworths.com.au/shop/productdetails/148396/uncle-tobys-oats-quick-sachets-hi-fibre-porridge,https://cdn0.woolworths.media/content/wowproductimages/large/148396.jpg
9.31006E+12,Uncle Tobys Original Oats Quick Sachets 10 pack | 340g,coles,22791,9720268,340g,https://www.coles.com.au/product/uncle-tobys-original-oats-quick-sachets-10-pack-340g-9720268,https://www.coles.com.au/_next/image?url=https%3A%2F%2Fcdn.productimages.coles.com.au%2Fproductimages%2F9%2F9720268.jpg&w=640&q=90
9.31006E+12,Uncle Tobys Oats Quick Sachets Original Porridge 340g,Woolworths,22791,204987,340g,https://www.woolworths.com.au/shop/productdetails/204987/uncle-tobys-oats-quick-sachets-original-porridge,https://cdn0.woolworths.media/content/wowproductimages/large/204987.jpg
9.31006E+12,Uncle Tobys Traditional Rolled Oats | 500g,coles,22791,299732,500g,https://www.coles.com.au/product/uncle-tobys-traditional-rolled-oats-500g-299732,https://www.coles.com.au/_next/image?url=https%3A%2F%2Fcdn.productimages.coles.com.au%2Fproductimages%2F2%2F299732.jpg&w=640&q=90
9.31006E+12,Uncle Tobys Oats Traditional Rolled Oats Porridge 500g,Woolworths,22791,37678,500g,https://www.woolworths.com.au/shop/productdetails/37678/uncle-tobys-oats-traditional-rolled-oats-porridge,https://cdn0.woolworths.media/content/wowproductimages/large/037678.jpg
9.31006E+12,Uncle Tobys Traditional Porridge Oats | 1kg,coles,22791,254971,1kg,https://www.coles.com.au/product/uncle-tobys-traditional-porridge-oats-1kg-254971,https://www.coles.com.au/_next/image?url=https%3A%2F%2Fcdn.productimages.coles.com.au%2Fproductimages%2F2%2F254971.jpg&w=640&q=90
9.31006E+12,Uncle Tobys Oats Traditonal Rolled Oats Porridge 1kg,Woolworths,22791,33036,1kg,https://www.woolworths.com.au/shop/productdetails/33036/uncle-tobys-oats-traditonal-rolled-oats-porridge,https://cdn0.woolworths.media/content/wowproductimages/large/033036.jpg
9.30061E+12,Uncle Tobys Oats Ancient Grains | 490g,coles,22791,7674228,490g,https://www.coles.com.au/product/uncle-tobys-oats-ancient-grains-490g-7674228,https://www.coles.com.au/_next/image?url=https%3A%2F%2Fcdn.productimages.coles.com.au%2Fproductimages%2F7%2F7674228.jpg&w=640&q=90
9.30061E+12,"Uncle Tobys Rolled Oats Ancient Grains Rye, Puffed Quinoa & Millet 490g",Woolworths,22791,610114,490g,https://www.woolworths.com.au/shop/productdetails/610114/uncle-tobys-rolled-oats-ancient-grains-rye-puffed-quinoa-millet,https://cdn0.woolworths.media/content/wowproductimages/large/610114.jpg
71106843396,Stagg Chili Dynamite Hot Chili With Beans | 425g,coles,22801,3398173,425g,https://www.coles.com.au/product/stagg-chili-dynamite-hot-chili-with-beans-425g-3398173,https://www.coles.com.au/_next/image?url=https%3A%2F%2Fcdn.productimages.coles.com.au%2Fproductimages%2F3%2F3398173.jpg&w=640&q=90
71106843396,Stagg Dynamite Hot Chili With Beans 425G,Woolworths,22801,808574,425G,https://www.woolworths.com.au/shop/productdetails/808574/stagg-dynamite-hot-chili-with-beans,https://cdn0.woolworths.media/content/wowproductimages/large/808574.jpg
9.31071E+12,Tom Piper Braised Steak Onion | 400g,coles,22801,5750165,400g,https://www.coles.com.au/product/tom-piper-braised-steak-onion-400g-5750165,https://www.coles.com.au/_next/image?url=https%3A%2F%2Fcdn.productimages.coles.com.au%2Fproductimages%2F5%2F5750165.jpg&w=640&q=90
9.31071E+12,Tom Piper Braised Steak & Onions Canned Meal 400g,Woolworths,22801,28286,400G,https://www.woolworths.com.au/shop/productdetails/28286/tom-piper-braised-steak-onions-canned-meal,https://cdn0.woolworths.media/content/wowproductimages/large/028286.jpg
71106843396,Stagg Chili Dynamite Hot Chili With Beans | 425g,coles,22802,3398173,425g,https://www.coles.com.au/product/stagg-chili-dynamite-hot-chili-with-beans-425g-3398173,https://www.coles.com.au/_next/image?url=https%3A%2F%2Fcdn.productimages.coles.com.au%2Fproductimages%2F3%2F3398173.jpg&w=640&q=90
71106843396,Stagg Dynamite Hot Chili With Beans 425G,Woolworths,22802,808574,425G,https://www.woolworths.com.au/shop/productdetails/808574/stagg-dynamite-hot-chili-with-beans,https://cdn0.woolworths.media/content/wowproductimages/large/808574.jpg
9.31071E+12,Tom Piper Braised Steak Onion | 400g,coles,22802,5750165,400g,https://www.coles.com.au/product/tom-piper-braised-steak-onion-400g-5750165,https://www.coles.com.au/_next/image?url=https%3A%2F%2Fcdn.productimages.coles.com.au%2Fproductimages%2F5%2F5750165.jpg&w=640&q=90
9.31071E+12,Tom Piper Braised Steak & Onions Canned Meal 400g,Woolworths,22802,28286,400G,https://www.woolworths.com.au/shop/productdetails/28286/tom-piper-braised-steak-onions-canned-meal,https://cdn0.woolworths.media/content/wowproductimages/large/028286.jpg
9.31018E+12,Sole Mare Mackerel In Olive Oil | 120g,coles,22803,2509825,120g,https://www.coles.com.au/product/sole-mare-mackerel-in-olive-oil-120g-2509825,https://www.coles.com.au/_next/image?url=https%3A%2F%2Fcdn.productimages.coles.com.au%2Fproductimages%2F2%2F2509825.jpg&w=640&q=90
9.31018E+12,Sole Mare Mackerel Fillets In Olive Oil 120g,Woolworths,22803,633871,120g,https://www.woolworths.com.au/shop/productdetails/633871/sole-mare-mackerel-fillets-in-olive-oil,https://cdn0.woolworths.media/content/wowproductimages/large/633871.jpg
9.31018E+12,Sole Mare Portuguese Style Sardines In Extra Virgin Olive Oil | 120g,coles,22803,3310977,120g,https://www.coles.com.au/product/sole-mare-portuguese-style-sardines-in-extra-virgin-olive-oil-120g-3310977,https://www.coles.com.au/_next/image?url=https%3A%2F%2Fcdn.productimages.coles.com.au%2Fproductimages%2F3%2F3310977.jpg&w=640&q=90
9.31018E+12,Sole Mare Portuguese Style Sardines 120g,Woolworths,22803,67504,120G,https://www.woolworths.com.au/shop/productdetails/67504/sole-mare-portuguese-style-sardines,https://cdn0.woolworths.media/content/wowproductimages/large/067504.jpg
9.30063E+12,Coles Smoked Oysters In Oil | 85g,coles,22803,3718070,85g,https://www.coles.com.au/product/coles-smoked-oysters-in-oil-85g-3718070,https://www.coles.com.au/_next/image?url=https%3A%2F%2Fcdn.productimages.coles.com.au%2Fproductimages%2F3%2F3718070.jpg&w=640&q=90
9.30063E+12,Woolworths Smoked Oysters In Oil 85g,Woolworths,22803,873018,85G,https://www.woolworths.com.au/shop/productdetails/873018/woolworths-smoked-oysters-in-oil,https://cdn0.woolworths.media/content/wowproductimages/large/873018.jpg
9.35018E+12,Sirena Limited Edition Triple Chilli Tuna | 95g,coles,22806,3114243,95g,https://www.coles.com.au/product/sirena-limited-edition-triple-chilli-tuna-95g-3114243,https://www.coles.com.au/_next/image?url=https%3A%2F%2Fcdn.productimages.coles.com.au%2Fproductimages%2F3%2F3114243.jpg&w=640&q=90
9.35018E+12,Sirena Tuna Triple Chilli 95g,Woolworths,22806,26137,95G,https://www.woolworths.com.au/shop/productdetails/26137/sirena-tuna-triple-chilli,https://cdn0.woolworths.media/content/wowproductimages/large/026137.jpg
9.31016E+12,The Big Cheese Mac & Cheese Bowl | 105g,coles,22810,4448506,105g,https://www.coles.com.au/product/the-big-cheese-mac-and-cheese-bowl-105g-4448506,https://www.coles.com.au/_next/image?url=https%3A%2F%2Fcdn.productimages.coles.com.au%2Fproductimages%2F4%2F4448506.jpg&w=640&q=90
9.31016E+12,The Big Cheese Extra Large Mac & Cheese 105g,Woolworths,22810,212792,105g,https://www.woolworths.com.au/shop/productdetails/212792/the-big-cheese-extra-large-mac-cheese,https://cdn0.woolworths.media/content/wowproductimages/large/212792.jpg
9.33578E+12,Table Of Plenty Dukkah Pistachio Spice Mix | 45g,coles,22844,7123086,45g,https://www.coles.com.au/product/table-of-plenty-dukkah-pistachio-spice-mix-45g-7123086,https://www.coles.com.au/_next/image?url=https%3A%2F%2Fcdn.productimages.coles.com.au%2Fproductimages%2F7%2F7123086.jpg&w=640&q=90
9.33578E+12,Table Of Plenty Dried Spices Dukkah Pistachio 45g,Woolworths,22844,321001,45G,https://www.woolworths.com.au/shop/productdetails/321001/table-of-plenty-dried-spices-dukkah-pistachio,https://cdn0.woolworths.media/content/wowproductimages/large/321001.jpg
9.31043E+12,Valcom Pad Thai Paste | 240g,coles,22849,9434520,240g,https://www.coles.com.au/product/valcom-pad-thai-paste-240g-9434520,https://www.coles.com.au/_next/image?url=https%3A%2F%2Fcdn.productimages.coles.com.au%2Fproductimages%2F9%2F9434520.jpg&w=640&q=90
9.31043E+12,Valcom Paste Pad Thai 240g,Woolworths,22849,250299,240G,https://www.woolworths.com.au/shop/productdetails/250299/valcom-paste-pad-thai,https://cdn0.woolworths.media/content/wowproductimages/large/250299.jpg
9.31043E+12,Valcom Green Curry Paste | 210g,coles,22849,6823413,210g,https://www.coles.com.au/product/valcom-green-curry-paste-210g-6823413,https://www.coles.com.au/_next/image?url=https%3A%2F%2Fcdn.productimages.coles.com.au%2Fproductimages%2F6%2F6823413.jpg&w=640&q=90
9.31043E+12,Valcom Paste Thai Green Curry 210g,Woolworths,22849,82125,210G,https://www.woolworths.com.au/shop/productdetails/82125/valcom-paste-thai-green-curry,https://cdn0.woolworths.media/content/wowproductimages/large/082125.jpg
9.31043E+12,Valcom Panaeng Curry Paste | 210g,coles,22849,6823683,210g,https://www.coles.com.au/product/valcom-panaeng-curry-paste-210g-6823683,https://www.coles.com.au/_next/image?url=https%3A%2F%2Fcdn.productimages.coles.com.au%2Fproductimages%2F6%2F6823683.jpg&w=640&q=90
9.31043E+12,Valcom Paste Thai Panaeng Curry 210g,Woolworths,22849,82127,210G,https://www.woolworths.com.au/shop/productdetails/82127/valcom-paste-thai-panaeng-curry,https://cdn0.woolworths.media/content/wowproductimages/large/082127.jpg
9.31043E+12,Valcom Red Curry Paste | 210g,coles,22849,6823151,210g,https://www.coles.com.au/product/valcom-red-curry-paste-210g-6823151,https://www.coles.com.au/_next/image?url=https%3A%2F%2Fcdn.productimages.coles.com.au%2Fproductimages%2F6%2F6823151.jpg&w=640&q=90
9.31043E+12,Valcom Paste Thai Red Curry 210g,Woolworths,22849,82126,210G,https://www.woolworths.com.au/shop/productdetails/82126/valcom-paste-thai-red-curry,https://cdn0.woolworths.media/content/wowproductimages/large/082126.jpg
9.31043E+12,Valcom Yellow Curry Paste | 230g,coles,22849,6803020,230g,https://www.coles.com.au/product/valcom-yellow-curry-paste-230g-6803020,https://www.coles.com.au/_next/image?url=https%3A%2F%2Fcdn.productimages.coles.com.au%2Fproductimages%2F6%2F6803020.jpg&w=640&q=90
9.31043E+12,Valcom Paste Yellow Curry 230g,Woolworths,22849,307724,230G,https://www.woolworths.com.au/shop/productdetails/307724/valcom-paste-yellow-curry,https://cdn0.woolworths.media/content/wowproductimages/large/307724.jpg
4.89103E+12,Vita Japanese Style Peach Tea | 500mL,coles,22849,9063780,500ml,https://www.coles.com.au/product/vita-japanese-style-peach-tea-500ml-9063780,https://www.coles.com.au/_next/image?url=https%3A%2F%2Fcdn.productimages.coles.com.au%2Fproductimages%2F9%2F9063780.jpg&w=640&q=90
4.89103E+12,Vita Japanese Peach Tea 500ml,Woolworths,22849,133502,500mL,https://www.woolworths.com.au/shop/productdetails/133502/vita-japanese-peach-tea,https://cdn0.woolworths.media/content/wowproductimages/large/133502.jpg
4.89103E+12,Vita Lemon Tea Drink 6x250mL | 1.5L,coles,22849,4210978,1.5l,https://www.coles.com.au/product/vita-lemon-tea-drink-6x250ml-1.5l-4210978,https://www.coles.com.au/_next/image?url=https%3A%2F%2Fcdn.productimages.coles.com.au%2Fproductimages%2F4%2F4210978.jpg&w=640&q=90
4.89103E+12,Vita Lemon Tea 250ml x6 Pack,Woolworths,22849,21589,250mL x6 Pack,https://www.woolworths.com.au/shop/productdetails/21589/vita-lemon-tea,https://cdn0.woolworths.media/content/wowproductimages/large/021589.jpg
8.8501E+12,Wai Wai Bihoon Rice Vermicelli | 500g,coles,22849,6161578,500g,https://www.coles.com.au/product/wai-wai-bihoon-rice-vermicelli-500g-6161578,https://www.coles.com.au/_next/image?url=https%3A%2F%2Fcdn.productimages.coles.com.au%2Fproductimages%2F6%2F6161578.jpg&w=640&q=90
8.8501E+12,Wai Wai Bihoon Rice Vermicelli 10x50g,Woolworths,22849,745435,10x50G,https://www.woolworths.com.au/shop/productdetails/745435/wai-wai-bihoon-rice-vermicelli,https://cdn0.woolworths.media/content/wowproductimages/large/745435.jpg
8.8501E+12,Wai Wai Rice Vermicelli Noodles | 200g,coles,22849,7186530,200g,https://www.coles.com.au/product/wai-wai-rice-vermicelli-noodles-200g-7186530,https://www.coles.com.au/_next/image?url=https%3A%2F%2Fcdn.productimages.coles.com.au%2Fproductimages%2F7%2F7186530.jpg&w=640&q=90
8.8501E+12,Wai Wai Rice Vermicelli 200g,Woolworths,22849,53333,200G,https://www.woolworths.com.au/shop/productdetails/53333/wai-wai-rice-vermicelli,https://cdn0.woolworths.media/content/wowproductimages/large/053333.jpg
9.31043E+12,Wai Wai Rice Vermicelli Large | 500g,coles,22849,7230224,500g,https://www.coles.com.au/product/wai-wai-rice-vermicelli-large-500g-7230224,https://www.coles.com.au/_next/image?url=https%3A%2F%2Fcdn.productimages.coles.com.au%2Fproductimages%2F7%2F7230224.jpg&w=640&q=90
9.31043E+12,Wai Wai Rice Vermicelli Large 500g,Woolworths,22849,31655,500G,https://www.woolworths.com.au/shop/productdetails/31655/wai-wai-rice-vermicelli-large,https://cdn0.woolworths.media/content/wowproductimages/large/031655.jpg
9.32259E+12,Wokka Singapore Style Wok Ready Noodles | 440g,coles,22849,4192027,440g,https://www.coles.com.au/product/wokka-singapore-style-wok-ready-noodles-440g-4192027,https://www.coles.com.au/_next/image?url=https%3A%2F%2Fcdn.productimages.coles.com.au%2Fproductimages%2F4%2F4192027.jpg&w=640&q=90
9.32259E+12,Wokka Noodles Singapore Style Shelf Fresh 440g,Woolworths,22849,196948,440G,https://www.woolworths.com.au/shop/productdetails/196948/wokka-noodles-singapore-style-shelf-fresh,https://cdn0.woolworths.media/content/wowproductimages/large/196948.jpg
9.31056E+12,Wokka Thin Rice Wok Ready Noodles | 440g,coles,22849,5490483,440g,https://www.coles.com.au/product/wokka-thin-rice-wok-ready-noodles-440g-5490483,https://www.coles.com.au/_next/image?url=https%3A%2F%2Fcdn.productimages.coles.com.au%2Fproductimages%2F5%2F5490483.jpg&w=640&q=90
9.31056E+12,Wokka Rice Noodles 440g,Woolworths,22849,20439,440G,https://www.woolworths.com.au/shop/productdetails/20439/wokka-rice-noodles,https://cdn0.woolworths.media/content/wowproductimages/large/020439.jpg
77521273312,Yeo's Satay BBQ Sauce | 250mL,coles,22849,419492,250ml,https://www.coles.com.au/product/yeo's-satay-bbq-sauce-250ml-419492,https://www.coles.com.au/_next/image?url=https%3A%2F%2Fcdn.productimages.coles.com.au%2Fproductimages%2F4%2F419492.jpg&w=640&q=90
77521273312,Yeo's Satay Sauce Satay Bbq 250ml,Woolworths,22849,38339,250mL,https://www.woolworths.com.au/shop/productdetails/38339/yeo-s-satay-sauce-satay-bbq,https://cdn0.woolworths.media/content/wowproductimages/large/038339.jpg
9.31043E+12,Yoosh Aloe Vera With A Hint Of Honey Drink | 500mL,coles,22849,5415273,500ml,https://www.coles.com.au/product/yoosh-aloe-vera-with-a-hint-of-honey-drink-500ml-5415273,https://www.coles.com.au/_next/image?url=https%3A%2F%2Fcdn.productimages.coles.com.au%2Fproductimages%2F5%2F5415273.jpg&w=640&q=90
9.31043E+12,Yoosh Aloe Vera Drink 500ml,Woolworths,22849,254441,500mL,https://www.woolworths.com.au/shop/productdetails/254441/yoosh-aloe-vera-drink,https://cdn0.woolworths.media/content/wowproductimages/large/254441.jpg
4.71291E+12,Yuki & Love Japanese Mochi Peanut Flavour | 210g,coles,22849,8136866,210g,https://www.coles.com.au/product/yuki-and-love-japanese-mochi-peanut-flavour-210g-8136866,https://www.coles.com.au/_next/image?url=https%3A%2F%2Fcdn.productimages.coles.com.au%2Fproductimages%2F8%2F8136866.jpg&w=640&q=90
4.71291E+12,Yuki & Love Japanese Style Peanut Mochi 210g,Woolworths,22849,490361,210g,https://www.woolworths.com.au/shop/productdetails/490361/yuki-love-japanese-style-peanut-mochi,https://cdn0.woolworths.media/content/wowproductimages/large/490361.jpg
8.90176E+12,Thums UP Drink Can | 300 ML,coles,22851,1872772,300ml,https://www.coles.com.au/product/thums-up-drink-can-300-ml-1872772,https://www.coles.com.au/_next/image?url=https%3A%2F%2Fcdn.productimages.coles.com.au%2Fproductimages%2F1%2F1872772.jpg&w=640&q=90
8.90176E+12,ThumbsUp Drink Can 300mL,Woolworths,22851,770161,300mL,https://www.woolworths.com.au/shop/productdetails/770161/thumbsup-drink-can,https://cdn0.woolworths.media/content/wowproductimages/large/770161.jpg
9.31016E+12,Zafarelli Spirali Pasta No 56 | 500g,coles,22853,8947858,500g,https://www.coles.com.au/product/zafarelli-spirali-pasta-no-56-500g-8947858,https://www.coles.com.au/_next/image?url=https%3A%2F%2Fcdn.productimages.coles.com.au%2Fproductimages%2F8%2F8947858.jpg&w=640&q=90
9.31016E+12,Zafarelli Spirals No 56 500g,Woolworths,22853,469161,500g,https://www.woolworths.com.au/shop/productdetails/469161/zafarelli-spirals-no-56-500g,https://cdn0.woolworths.media/content/wowproductimages/large/469161.jpg
8.41008E+12,Old El Paso Tortilla Pockets 8 Pack | 223g,coles,22855,3801549,223g,https://www.coles.com.au/product/old-el-paso-tortilla-pockets-8-pack-223g-3801549,https://www.coles.com.au/_next/image?url=https%3A%2F%2Fcdn.productimages.coles.com.au%2Fproductimages%2F3%2F3801549.jpg&w=640&q=90
8.41008E+12,Old El Paso Tortilla Pockets 8 pack,Woolworths,22855,106518,8 pack,https://www.woolworths.com.au/shop/productdetails/106518/old-el-paso-tortilla-pockets,https://cdn0.woolworths.media/content/wowproductimages/large/106518.jpg
9.31016E+12,Zafarelli Spirali Pasta No 56 | 500g,coles,22870,8947858,500g,https://www.coles.com.au/product/zafarelli-spirali-pasta-no-56-500g-8947858,https://www.coles.com.au/_next/image?url=https%3A%2F%2Fcdn.productimages.coles.com.au%2Fproductimages%2F8%2F8947858.jpg&w=640&q=90
9.31016E+12,Zafarelli Spirals No 56 500g,Woolworths,22870,469161,500g,https://www.woolworths.com.au/shop/productdetails/469161/zafarelli-spirals-no-56-500g,https://cdn0.woolworths.media/content/wowproductimages/large/469161.jpg
9.31056E+12,Trident Thai Sweet Chilli Sauce | 730mL,coles,22884,5526955,730ml,https://www.coles.com.au/product/trident-thai-sweet-chilli-sauce-730ml-5526955,https://www.coles.com.au/_next/image?url=https%3A%2F%2Fcdn.productimages.coles.com.au%2Fproductimages%2F5%2F5526955.jpg&w=640&q=90
9.31056E+12,Trident Chilli Sauce Sweet Chilli 730ml,Woolworths,22884,62664,730mL,https://www.woolworths.com.au/shop/productdetails/62664/trident-chilli-sauce-sweet-chilli,https://cdn0.woolworths.media/content/wowproductimages/large/062664.jpg
9.31056E+12,Trident Sriracha Sauce | 480mL,coles,22884,5981543,480ml,https://www.coles.com.au/product/trident-sriracha-sauce-480ml-5981543,https://www.coles.com.au/_next/image?url=https%3A%2F%2Fcdn.productimages.coles.com.au%2Fproductimages%2F5%2F5981543.jpg&w=640&q=90
9.31056E+12,Trident Sriracha Hot Chilli Sauce 480ml,Woolworths,22884,242199,480ml,https://www.woolworths.com.au/shop/productdetails/242199/trident-sriracha-hot-chilli-sauce,https://cdn0.woolworths.media/content/wowproductimages/large/242199.jpg
77521273312,Yeo's Satay BBQ Sauce | 250mL,coles,22884,419492,250ml,https://www.coles.com.au/product/yeo's-satay-bbq-sauce-250ml-419492,https://www.coles.com.au/_next/image?url=https%3A%2F%2Fcdn.productimages.coles.com.au%2Fproductimages%2F4%2F419492.jpg&w=640&q=90
77521273312,Yeo's Satay Sauce Satay Bbq 250ml,Woolworths,22884,38339,250mL,https://www.woolworths.com.au/shop/productdetails/38339/yeo-s-satay-sauce-satay-bbq,https://cdn0.woolworths.media/content/wowproductimages/large/038339.jpg
9.32272E+12,Vegeta Gluten Free Real Gourmet Stock Powder Canned | 250g,coles,22885,134110,250g,https://www.coles.com.au/product/vegeta-gluten-free-real-gourmet-stock-powder-canned-250g-134110,https://www.coles.com.au/_next/image?url=https%3A%2F%2Fcdn.productimages.coles.com.au%2Fproductimages%2F1%2F134110.jpg&w=640&q=90
9.32272E+12,Vegeta Vegetable Gourmet Stock Powder 250g,Woolworths,22885,21724,250G,https://www.woolworths.com.au/shop/productdetails/21724/vegeta-vegetable-gourmet-stock-powder,https://cdn0.woolworths.media/content/wowproductimages/large/021724.jpg
5.0004E+12,Mcvities Digestives Biscuits Plain | 355g,coles,22890,6066602,355g,https://www.coles.com.au/product/mcvities-digestives-biscuits-plain-355g-6066602,https://www.coles.com.au/_next/image?url=https%3A%2F%2Fcdn.productimages.coles.com.au%2Fproductimages%2F6%2F6066602.jpg&w=640&q=90
5.0004E+12,McVitie's Digestives Original 355g,Woolworths,22890,263343,355g,https://www.woolworths.com.au/shop/productdetails/263343/mcvitie-s-digestives-original,https://cdn0.woolworths.media/content/wowproductimages/large/263343.jpg
9.31043E+12,Savour Wasabi Flavoured Peas | 100g,coles,22899,6070701,100g,https://www.coles.com.au/product/savour-wasabi-flavoured-peas-100g-6070701,https://www.coles.com.au/_next/image?url=https%3A%2F%2Fcdn.productimages.coles.com.au%2Fproductimages%2F6%2F6070701.jpg&w=640&q=90
9.31043E+12,Savour Snacks Peas Wasabi Flavoured 100g,Woolworths,22899,308172,100G,https://www.woolworths.com.au/shop/productdetails/308172/savour-snacks-peas-wasabi-flavoured,https://cdn0.woolworths.media/content/wowproductimages/large/308172.jpg
70177102920,Twinings Russian Caravan Tea Bags | 10 pack,coles,22909,8116053,10pack,https://www.coles.com.au/product/twinings-russian-caravan-tea-bags-10-pack-8116053,https://www.coles.com.au/_next/image?url=https%3A%2F%2Fcdn.productimages.coles.com.au%2Fproductimages%2F8%2F8116053.jpg&w=640&q=90
70177102920,Twinings Russian Caravan Tea Bags 10 Pack,Woolworths,22909,10109,10 Pack,https://www.woolworths.com.au/shop/productdetails/10109/twinings-russian-caravan-tea-bags-tea-bags,https://cdn0.woolworths.media/content/wowproductimages/large/010109.jpg
70177244293,Twinings Pure Green Tea Bags 50 pack | 100g,coles,22912,5823291,100g,https://www.coles.com.au/product/twinings-pure-green-tea-bags-50-pack-100g-5823291,https://www.coles.com.au/_next/image?url=https%3A%2F%2Fcdn.productimages.coles.com.au%2Fproductimages%2F5%2F5823291.jpg&w=640&q=90
70177244293,Twinings Pure Green Tea Bags 50 Pack,Woolworths,22912,262437,50 Pack,https://www.woolworths.com.au/shop/productdetails/262437/twinings-pure-green-tea-bags-bags,https://cdn0.woolworths.media/content/wowproductimages/large/262437.jpg
9.3162E+12,Peters Pasture Hay Bedding and Food | 1kg,coles,22921,8567325,1kg,https://www.coles.com.au/product/peters-pasture-hay-bedding-and-food-1kg-8567325,https://www.coles.com.au/_next/image?url=https%3A%2F%2Fcdn.productimages.coles.com.au%2Fproductimages%2F8%2F8567325.jpg&w=640&q=90
9.3162E+12,Peters Rabbit & Guinea Pig Pasture Hay 1kg,Woolworths,22921,247207,1Kg,https://www.woolworths.com.au/shop/productdetails/247207/peters-rabbit-guinea-pig-pasture-hay,https://cdn0.woolworths.media/content/wowproductimages/large/247207.jpg
