barcode,,name,shop,category_id,source_id,weight,source_url,image_url
9.33E+12,,Wet Ones Be Gentle Anti-Bacterial Hand & Face Wipes | 15 pack,coles,23821,8640039,15pack,https://www.coles.com.au/product/wet-ones-be-gentle-anti-bacterial-hand-and-face-wipes-15-pack-8640039,https://www.coles.com.au/_next/image?url=https%3A%2F%2Fcdn.productimages.coles.com.au%2Fproductimages%2F8%2F8640039.jpg&w=640&q=90
9.33E+12,,Wet Ones Moist Wipes Gentle 15 Pack,Woolworths,23821,701906,15 Pack,https://www.woolworths.com.au/shop/productdetails/701906/wet-ones-moist-wipes-gentle,https://cdn0.woolworths.media/content/wowproductimages/large/701906.jpg
9.33E+12,,Wet Ones Be Gentle Anti-Bacterial Hand & Face Wipes | 40 pack,coles,23821,8640141,40pack,https://www.coles.com.au/product/wet-ones-be-gentle-anti-bacterial-hand-and-face-wipes-40-pack-8640141,https://www.coles.com.au/_next/image?url=https%3A%2F%2Fcdn.productimages.coles.com.au%2Fproductimages%2F8%2F8640141.jpg&w=640&q=90
9.33E+12,,Wet Ones Moist Wipes Gentle 40 Pack,Woolworths,23821,701897,40 Pack,https://www.woolworths.com.au/shop/productdetails/701897/wet-ones-moist-wipes-gentle,https://cdn0.woolworths.media/content/wowproductimages/large/701897.jpg
9.31E+12,,Huggies Ultra Dry Nappy Pants Girls Size 6 (15kg+) | 48 pack,coles,22054,4156238,48pack,https://www.coles.com.au/product/huggies-ultra-dry-nappy-pants-girls-size-6-(15kg+)-48-pack-4156238,https://www.coles.com.au/_next/image?url=https%3A%2F%2Fcdn.productimages.coles.com.au%2Fproductimages%2F4%2F4156238.jpg&w=640&q=90
9.31E+12,,Huggies Ultra Dry Nappy Pants Girls Size 6 (15kg+) 48 Pack,Woolworths,22054,151842,48 Pack,https://www.woolworths.com.au/shop/productdetails/151842/huggies-ultra-dry-nappy-pants-girls-size-6-15kg-,https://cdn0.woolworths.media/content/wowproductimages/large/151842.jpg
9.31E+12,,Golden Pikelets Original | 200g,coles,22077,54000,200g,https://www.coles.com.au/product/golden-pikelets-original-200g-54000,https://www.coles.com.au/_next/image?url=https%3A%2F%2Fcdn.productimages.coles.com.au%2Fproductimages%2F5%2F54000.jpg&w=640&q=90
9.31E+12,,Golden Pikelets 8 Pack,Woolworths,22077,46645,8 Pack,https://www.woolworths.com.au/shop/productdetails/46645/golden-pikelets,https://cdn0.woolworths.media/content/wowproductimages/large/046645.jpg
9.42E+12,,Toscano Choco Chip Waffles 4 pack | 360g,coles,22078,8995067,360g,https://www.coles.com.au/product/toscano-choco-chip-waffles-4-pack-360g-8995067,https://www.coles.com.au/_next/image?url=https%3A%2F%2Fcdn.productimages.coles.com.au%2Fproductimages%2F8%2F8995067.jpg&w=640&q=90
9.42E+12,,Toscano Waffles Choc Chip 360g,Woolworths,22078,476143,360G,https://www.woolworths.com.au/shop/productdetails/476143/toscano-waffles-choc-chip,https://cdn0.woolworths.media/content/wowproductimages/large/476143.jpg
9.34E+12,,Tip Top The One Gluten Free White | 550g,coles,22079,4405660,550g,https://www.coles.com.au/product/tip-top-the-one-gluten-free-white-550g-4405660,https://www.coles.com.au/_next/image?url=https%3A%2F%2Fcdn.productimages.coles.com.au%2Fproductimages%2F4%2F4405660.jpg&w=640&q=90
9.34E+12,,Tip Top The One Gluten Free White Bread Loaf Sandwich Bakery 550g,Woolworths,22079,165306,550g,https://www.woolworths.com.au/shop/productdetails/165306/tip-top-the-one-gluten-free-white-bread-loaf-sandwich-bakery,https://cdn0.woolworths.media/content/wowproductimages/large/165306.jpg
9.42E+12,,Toscano Gluten Free Pizza Base | 180g,coles,22079,2298297,180g,https://www.coles.com.au/product/toscano-gluten-free-pizza-base-180g-2298297,https://www.coles.com.au/_next/image?url=https%3A%2F%2Fcdn.productimages.coles.com.au%2Fproductimages%2F2%2F2298297.jpg&w=640&q=90
9.42E+12,,Toscano Gluten Free Pizza Base 180g,Woolworths,22079,827400,180G,https://www.woolworths.com.au/shop/productdetails/827400/toscano-gluten-free-pizza-base,https://cdn0.woolworths.media/content/wowproductimages/large/827400.jpg
9.30E+12,,Coles Country Loaf Wholemeal | 750g,coles,22083,2649482,750g,https://www.coles.com.au/product/coles-country-loaf-wholemeal-750g-2649482,https://www.coles.com.au/_next/image?url=https%3A%2F%2Fcdn.productimages.coles.com.au%2Fproductimages%2F2%2F2649482.jpg&w=640&q=90
9.30E+12,,Woolworths Country Loaf Wholemeal 750g,Woolworths,22083,433887,750G,https://www.woolworths.com.au/shop/productdetails/433887/woolworths-country-loaf-wholemeal,https://cdn0.woolworths.media/content/wowproductimages/large/433887.jpg
9.34E+12,,Tip Top Thins Mixed Grains 6 Pack | 240g,coles,22088,6517654,240g,https://www.coles.com.au/product/tip-top-thins-mixed-grains-6-pack-240g-6517654,https://www.coles.com.au/_next/image?url=https%3A%2F%2Fcdn.productimages.coles.com.au%2Fproductimages%2F6%2F6517654.jpg&w=640&q=90
9.34E+12,,Tip Top Sandwich Thins Mixed Grain Bread Bakery 6 pack,Woolworths,22088,296808,6 pack,https://www.woolworths.com.au/shop/productdetails/296808/tip-top-sandwich-thins-mixed-grain-bread-bakery,https://cdn0.woolworths.media/content/wowproductimages/large/296808.jpg
9.30E+12,,Coles Smooth Ricotta | 375g,coles,22093,2212666,375g,https://www.coles.com.au/product/coles-smooth-ricotta-375g-2212666,https://www.coles.com.au/_next/image?url=https%3A%2F%2Fcdn.productimages.coles.com.au%2Fproductimages%2F2%2F2212666.jpg&w=640&q=90
9.30E+12,,Woolworths Ricotta Cheese Smooth 375g,Woolworths,22093,474591,375G,https://www.woolworths.com.au/shop/productdetails/474591/woolworths-ricotta-cheese-smooth,https://cdn0.woolworths.media/content/wowproductimages/large/474591.jpg
9.30E+12,,Coles Light Ricotta | 375g,coles,22093,2212688,375g,https://www.coles.com.au/product/coles-light-ricotta-375g-2212688,https://www.coles.com.au/_next/image?url=https%3A%2F%2Fcdn.productimages.coles.com.au%2Fproductimages%2F2%2F2212688.jpg&w=640&q=90
9.30E+12,,Woolworths Ricotta Light Cheese 375g,Woolworths,22093,476205,375G,https://www.woolworths.com.au/shop/productdetails/476205/woolworths-ricotta-light-cheese,https://cdn0.woolworths.media/content/wowproductimages/large/476205.jpg
9.34E+12,,Coles Spreadable Light Cream Cheese Tub | 250g,coles,22093,8588926,250g,https://www.coles.com.au/product/coles-spreadable-light-cream-cheese-tub-250g-8588926,https://www.coles.com.au/_next/image?url=https%3A%2F%2Fcdn.productimages.coles.com.au%2Fproductimages%2F8%2F8588926.jpg&w=640&q=90
9.34E+12,,Woolworths Spreadable Light Cream Cheese 250g,Woolworths,22093,155151,250g,https://www.woolworths.com.au/shop/productdetails/155151/woolworths-spreadable-light-cream-cheese,https://cdn0.woolworths.media/content/wowproductimages/large/155151.jpg
8.00E+12,,Zanetti Pecorino Romano | 200g,coles,22094,3575938,200g,https://www.coles.com.au/product/zanetti-pecorino-romano-200g-3575938,https://www.coles.com.au/_next/image?url=https%3A%2F%2Fcdn.productimages.coles.com.au%2Fproductimages%2F3%2F3575938.jpg&w=640&q=90
8.00E+12,,Zanetti Pecorino Romano 200g,Woolworths,22094,406591,200G,https://www.woolworths.com.au/shop/productdetails/406591/zanetti-pecorino-romano,https://cdn0.woolworths.media/content/wowproductimages/large/406591.jpg
9.30E+12,,Coles Smooth Ricotta | 375g,coles,22098,2212666,375g,https://www.coles.com.au/product/coles-smooth-ricotta-375g-2212666,https://www.coles.com.au/_next/image?url=https%3A%2F%2Fcdn.productimages.coles.com.au%2Fproductimages%2F2%2F2212666.jpg&w=640&q=90
9.30E+12,,Woolworths Ricotta Cheese Smooth 375g,Woolworths,22098,474591,375G,https://www.woolworths.com.au/shop/productdetails/474591/woolworths-ricotta-cheese-smooth,https://cdn0.woolworths.media/content/wowproductimages/large/474591.jpg
9.30E+12,,Coles Light Ricotta | 375g,coles,22098,2212688,375g,https://www.coles.com.au/product/coles-light-ricotta-375g-2212688,https://www.coles.com.au/_next/image?url=https%3A%2F%2Fcdn.productimages.coles.com.au%2Fproductimages%2F2%2F2212688.jpg&w=640&q=90
9.30E+12,,Woolworths Ricotta Light Cheese 375g,Woolworths,22098,476205,375G,https://www.woolworths.com.au/shop/productdetails/476205/woolworths-ricotta-light-cheese,https://cdn0.woolworths.media/content/wowproductimages/large/476205.jpg
9.34E+12,,Coles Tasty Cheese & Crackers | 50g,coles,22100,2073060,50g,https://www.coles.com.au/product/coles-tasty-cheese-and-crackers-50g-2073060,https://www.coles.com.au/_next/image?url=https%3A%2F%2Fcdn.productimages.coles.com.au%2Fproductimages%2F2%2F2073060.jpg&w=640&q=90
9.34E+12,,Woolworths Cheese & Crackers Extra Tasty 50g,Woolworths,22100,76010,50G,https://www.woolworths.com.au/shop/productdetails/76010/woolworths-cheese-crackers-extra-tasty,https://cdn0.woolworths.media/content/wowproductimages/large/076010.jpg
8.00E+12,,Zanetti Parmigiano Reggiano PDO | 200g,coles,22101,3275661,200g,https://www.coles.com.au/product/zanetti-parmigiano-reggiano-pdo-200g-3275661,https://www.coles.com.au/_next/image?url=https%3A%2F%2Fcdn.productimages.coles.com.au%2Fproductimages%2F3%2F3275661.jpg&w=640&q=90
8.00E+12,,Zanetti Parmigiano Reggiano Pdo 30m 200g,Woolworths,22101,97938,200g,https://www.woolworths.com.au/shop/productdetails/97938/zanetti-parmigiano-reggiano-pdo-30m,https://cdn0.woolworths.media/content/wowproductimages/large/097938.jpg
9.31E+12,,Pauls Zymil Custard Vanilla | 1kg,coles,22105,3025030,1kg,https://www.coles.com.au/product/pauls-zymil-custard-vanilla-1kg-3025030,https://www.coles.com.au/_next/image?url=https%3A%2F%2Fcdn.productimages.coles.com.au%2Fproductimages%2F3%2F3025030.jpg&w=640&q=90
9.31E+12,,Pauls Zymil Custard Vanilla 1kg,Woolworths,22105,436516,1kg,https://www.woolworths.com.au/shop/productdetails/436516/pauls-zymil-custard-vanilla-vanilla,https://cdn0.woolworths.media/content/wowproductimages/large/436516.jpg
9.42E+12,,Westgold Unsalted Butter | 400g,coles,22113,7085056,400g,https://www.coles.com.au/product/westgold-unsalted-butter-400g-7085056,https://www.coles.com.au/_next/image?url=https%3A%2F%2Fcdn.productimages.coles.com.au%2Fproductimages%2F7%2F7085056.jpg&w=640&q=90
9.42E+12,,Westgold Butter Unsalted 400g,Woolworths,22113,504590,400g,https://www.woolworths.com.au/shop/productdetails/504590/westgold-butter-unsalted-unsalted,https://cdn0.woolworths.media/content/wowproductimages/large/504590.jpg
9.34E+12,,Coles Olive Oil Spread | 500g,coles,22113,9641809,500g,https://www.coles.com.au/product/coles-olive-oil-spread-500g-9641809,https://www.coles.com.au/_next/image?url=https%3A%2F%2Fcdn.productimages.coles.com.au%2Fproductimages%2F9%2F9641809.jpg&w=640&q=90
9.34E+12,,Woolworths Spread Olive Oil 500g,Woolworths,22113,492690,500G,https://www.woolworths.com.au/shop/productdetails/492690/woolworths-spread-olive-oil,https://cdn0.woolworths.media/content/wowproductimages/large/492690.jpg
9.30E+12,,Coles Kitchen Roasting Vegetables With Garlic And Rosemary | 500g,coles,22144,3505819,500g,https://www.coles.com.au/product/coles-kitchen-roasting-vegetables-with-garlic-and-rosemary-500g-3505819,https://www.coles.com.au/_next/image?url=https%3A%2F%2Fcdn.productimages.coles.com.au%2Fproductimages%2F3%2F3505819.jpg&w=640&q=90
9.30E+12,,Woolworths Roast Mixed Vegetables With Garlic & Rosemary 500G,Woolworths,22144,583615,500G,https://www.woolworths.com.au/shop/productdetails/583615/woolworths-roast-mixed-vegetables-with-garlic-rosemary,https://cdn0.woolworths.media/content/wowproductimages/large/583615.jpg
8.00E+12,,Zanetti Pecorino Romano | 200g,coles,24032,3575938,200g,https://www.coles.com.au/product/zanetti-pecorino-romano-200g-3575938,https://www.coles.com.au/_next/image?url=https%3A%2F%2Fcdn.productimages.coles.com.au%2Fproductimages%2F3%2F3575938.jpg&w=640&q=90
8.00E+12,,Zanetti Pecorino Romano 200g,Woolworths,24032,406591,200G,https://www.woolworths.com.au/shop/productdetails/406591/zanetti-pecorino-romano,https://cdn0.woolworths.media/content/wowproductimages/large/406591.jpg
9.30E+12,,Coles Kitchen Pea & Ham Soup | 300g,coles,24038,3467470,300g,https://www.coles.com.au/product/coles-kitchen-pea-and-ham-soup-300g-3467470,https://www.coles.com.au/_next/image?url=https%3A%2F%2Fcdn.productimages.coles.com.au%2Fproductimages%2F3%2F3467470.jpg&w=640&q=90
9.30E+12,,Woolworths Fresh Pea & Ham Soup 300g,Woolworths,24038,778327,300G,https://www.woolworths.com.au/shop/productdetails/778327/woolworths-fresh-pea-ham-soup,https://cdn0.woolworths.media/content/wowproductimages/large/778327.jpg
9.31E+12,,Vittoria Oro Nespresso Compatible Capsules | 20 pack,coles,22172,6344942,20pack,https://www.coles.com.au/product/vittoria-oro-nespresso-compatible-capsules-20-pack-6344942,https://www.coles.com.au/_next/image?url=https%3A%2F%2Fcdn.productimages.coles.com.au%2Fproductimages%2F6%2F6344942.jpg&w=640&q=90
9.31E+12,,Vittoria Oro Capsules 20 Pack,Woolworths,22172,310664,20 Pack,https://www.woolworths.com.au/shop/productdetails/310664/vittoria-oro-capsules,https://cdn0.woolworths.media/content/wowproductimages/large/310664.jpg
9.31E+12,,Vittoria Freeze Dried Latte Instant Coffee | 100g,coles,22175,4737525,100g,https://www.coles.com.au/product/vittoria-freeze-dried-latte-instant-coffee-100g-4737525,https://www.coles.com.au/_next/image?url=https%3A%2F%2Fcdn.productimages.coles.com.au%2Fproductimages%2F4%2F4737525.jpg&w=640&q=90
9.31E+12,,Vittoria Freeze Dried Instant Coffee Latte 100g,Woolworths,22175,159972,100G,https://www.woolworths.com.au/shop/productdetails/159972/vittoria-freeze-dried-instant-coffee-latte,https://cdn0.woolworths.media/content/wowproductimages/large/159972.jpg
9.31E+12,,Vittoria Freeze Dried Mountain Grown Instant Coffee | 100g,coles,22175,4737365,100g,https://www.coles.com.au/product/vittoria-freeze-dried-mountain-grown-instant-coffee-100g-4737365,https://www.coles.com.au/_next/image?url=https%3A%2F%2Fcdn.productimages.coles.com.au%2Fproductimages%2F4%2F4737365.jpg&w=640&q=90
9.31E+12,,Vittoria Freeze Dried Instant Coffee Mountain Grown 100g,Woolworths,22175,159932,100G,https://www.woolworths.com.au/shop/productdetails/159932/vittoria-freeze-dried-instant-coffee-mountain-grown,https://cdn0.woolworths.media/content/wowproductimages/large/159932.jpg
9.30E+12,,Coles Mixer No Sugar Diet Dry Ginger Ale | 1.25L,coles,22217,5180486,1.25l,https://www.coles.com.au/product/coles-mixer-no-sugar-diet-dry-ginger-ale-1.25l-5180486,https://www.coles.com.au/_next/image?url=https%3A%2F%2Fcdn.productimages.coles.com.au%2Fproductimages%2F5%2F5180486.jpg&w=640&q=90
9.30E+12,,Woolworths Diet Dry Ginger Ale 1.25l,Woolworths,22217,756050,1.25L,https://www.woolworths.com.au/shop/productdetails/756050/woolworths-diet-dry-ginger-ale-dry-ginger-ale,https://cdn0.woolworths.media/content/wowproductimages/large/756050.jpg
9.30E+12,,Coles Mixer Diet Tonic Diet Water | 1.25L,coles,22217,5180497,1.25l,https://www.coles.com.au/product/coles-mixer-diet-tonic-diet-water-1.25l-5180497,https://www.coles.com.au/_next/image?url=https%3A%2F%2Fcdn.productimages.coles.com.au%2Fproductimages%2F5%2F5180497.jpg&w=640&q=90
9.30E+12,,Woolworths Diet Tonic Water 1.25l,Woolworths,22217,756049,1.25L,https://www.woolworths.com.au/shop/productdetails/756049/woolworths-diet-tonic-water,https://cdn0.woolworths.media/content/wowproductimages/large/756049.jpg
9.30E+12,,Coles Tonic Water | 1.25L,coles,22217,5180362,1.25l,https://www.coles.com.au/product/coles-tonic-water-1.25l-5180362,https://www.coles.com.au/_next/image?url=https%3A%2F%2Fcdn.productimages.coles.com.au%2Fproductimages%2F5%2F5180362.jpg&w=640&q=90
9.30E+12,,Woolworths Tonic Water 1.25l,Woolworths,22217,756045,1.25L,https://www.woolworths.com.au/shop/productdetails/756045/woolworths-tonic-water,https://cdn0.woolworths.media/content/wowproductimages/large/756045.jpg
9.42E+12,,V Energy Refresh Drink Pineapple Watermelon Can | 250mL,coles,22222,5486384,250ml,https://www.coles.com.au/product/v-energy-refresh-drink-pineapple-watermelon-can-250ml-5486384,https://www.coles.com.au/_next/image?url=https%3A%2F%2Fcdn.productimages.coles.com.au%2Fproductimages%2F5%2F5486384.jpg&w=640&q=90
9.42E+12,,V Energy Refresh Pineapple & Watermelon Zero Sugar Can 250ml,Woolworths,22222,228006,250ml,https://www.woolworths.com.au/shop/productdetails/228006/v-energy-refresh-pineapple-watermelon-zero-sugar-can,https://cdn0.woolworths.media/content/wowproductimages/large/228006.jpg
9.42E+12,,V Energy Refresh Drink Pineapple Watermelon 4x250mL | 4 pack,coles,22222,5486362,4pack,https://www.coles.com.au/product/v-energy-refresh-drink-pineapple-watermelon-4x250ml-4-pack-5486362,https://www.coles.com.au/_next/image?url=https%3A%2F%2Fcdn.productimages.coles.com.au%2Fproductimages%2F5%2F5486362.jpg&w=640&q=90
9.42E+12,1175 || 1175 1L,V Energy Refresh Pineapple & Watermelon Zero Sugar Cans 250ml x4 Pack,Woolworths,22222,227590,250ml x4 Pack,https://www.woolworths.com.au/shop/productdetails/227590/v-energy-refresh-pineapple-watermelon-zero-sugar-cans,https://cdn0.woolworths.media/content/wowproductimages/large/227590.jpg
9.42E+12,,V Sugar Free Energy Drink 4x250mL | 4 pack,coles,22222,5020242,4pack,https://www.coles.com.au/product/v-sugar-free-energy-drink-4x250ml-4-pack-5020242,https://www.coles.com.au/_next/image?url=https%3A%2F%2Fcdn.productimages.coles.com.au%2Fproductimages%2F5%2F5020242.jpg&w=640&q=90
9.42E+12,1175||1175 1L,V Energy Sugar Free 250mlx 4,Woolworths,22222,264490,250mlx 4,https://www.woolworths.com.au/shop/productdetails/264490/v-energy-sugar-free,https://cdn0.woolworths.media/content/wowproductimages/large/264490.jpg
9.42E+12,,V Original Energy Drink 4x250mL | 4 pack,coles,22222,8737163,4pack,https://www.coles.com.au/product/v-original-energy-drink-4x250ml-4-pack-8737163,https://www.coles.com.au/_next/image?url=https%3A%2F%2Fcdn.productimages.coles.com.au%2Fproductimages%2F8%2F8737163.jpg&w=640&q=90
9.42E+12,1175||1175 1L,V Original Guarana Energy Drink 250mL x 4 pack,Woolworths,22222,132815,250mL x 4 pack,https://www.woolworths.com.au/shop/productdetails/132815/v-original-guarana-energy-drink,https://cdn0.woolworths.media/content/wowproductimages/large/132815.jpg
9.32E+12,,Schweppes Natural Mineral Water Bottle | 1.1L,coles,22232,3014974,1.1l,https://www.coles.com.au/product/schweppes-natural-mineral-water-bottle-1.1l-3014974,https://www.coles.com.au/_next/image?url=https%3A%2F%2Fcdn.productimages.coles.com.au%2Fproductimages%2F3%2F3014974.jpg&w=640&q=90
9.32E+12,,Schweppes Natural Mineral Water Bottle Natural 1.1l,Woolworths,22232,634292,1.1L,https://www.woolworths.com.au/shop/productdetails/634292/schweppes-natural-mineral-water-bottle-natural,https://cdn0.woolworths.media/content/wowproductimages/large/634292.jpg
9.32E+12,,Schweppes Orange Mango Natural Mineral Water Bottle | 1.1L,coles,22232,3014930,1.1l,https://www.coles.com.au/product/schweppes-orange-mango-natural-mineral-water-bottle-1.1l-3014930,https://www.coles.com.au/_next/image?url=https%3A%2F%2Fcdn.productimages.coles.com.au%2Fproductimages%2F3%2F3014930.jpg&w=640&q=90
9.32E+12,150 ||136 1L,Schweppes Orange Mango Natural Mineral Water Bottle 1.1l,Woolworths,22232,634284,1.1L,https://www.woolworths.com.au/shop/productdetails/634284/schweppes-orange-mango-natural-mineral-water-bottle,https://cdn0.woolworths.media/content/wowproductimages/large/634284.jpg
8.71E+12,,Streets Viennetta Classic Vanilla Ice Cream Cake | 650mL,coles,22288,3169766,650ml,https://www.coles.com.au/product/streets-viennetta-classic-vanilla-ice-cream-cake-650ml-3169766,https://www.coles.com.au/_next/image?url=https%3A%2F%2Fcdn.productimages.coles.com.au%2Fproductimages%2F3%2F3169766.jpg&w=640&q=90
8.71E+12,,Viennetta Vanilla Frozen Dessert Cake 650ml,Woolworths,22288,684415,650ml,https://www.woolworths.com.au/shop/productdetails/684415/viennetta-vanilla-frozen-dessert-cake,https://cdn0.woolworths.media/content/wowproductimages/large/684415.jpg
9.31E+12,,Sara Lee Frozen  Strawberry Cheesecake | 410g,coles,22289,6125891,410g,https://www.coles.com.au/product/sara-lee-frozen-strawberry-cheesecake-410g-6125891,https://www.coles.com.au/_next/image?url=https%3A%2F%2Fcdn.productimages.coles.com.au%2Fproductimages%2F6%2F6125891.jpg&w=640&q=90
9.31E+12,,Sara Lee Strawberry Cheesecake 410g,Woolworths,22289,263645,410G,https://www.woolworths.com.au/shop/productdetails/263645/sara-lee-strawberry-cheesecake,https://cdn0.woolworths.media/content/wowproductimages/large/263645.jpg
9.34E+12,,Coles Frozen Convenience Meal Spaghetti Bolognese | 375g,coles,22300,6115683,375g,https://www.coles.com.au/product/coles-frozen-convenience-meal-spaghetti-bolognese-375g-6115683,https://www.coles.com.au/_next/image?url=https%3A%2F%2Fcdn.productimages.coles.com.au%2Fproductimages%2F6%2F6115683.jpg&w=640&q=90
9.34E+12,,Woolworths Spaghetti Bolognese Frozen Meal 375g,Woolworths,22300,70787,375G,https://www.woolworths.com.au/shop/productdetails/70787/woolworths-spaghetti-bolognese-frozen-meal,https://cdn0.woolworths.media/content/wowproductimages/large/070787.jpg
9.32E+12,,Seng Hork Prawn & Pork Dumplings | 500g,coles,23292,6510145,500g,https://www.coles.com.au/product/seng-hork-prawn-and-pork-dumplings-500g-6510145,https://www.coles.com.au/_next/image?url=https%3A%2F%2Fcdn.productimages.coles.com.au%2Fproductimages%2F6%2F6510145.jpg&w=640&q=90
9.32E+12,,Seng Hork Prawn & Pork Dumplings 500g,Woolworths,23292,602034,500G,https://www.woolworths.com.au/shop/productdetails/602034/seng-hork-prawn-pork-dumplings-null,https://cdn0.woolworths.media/content/wowproductimages/large/602034.jpg
9.34E+12,,Coles Vegetable Cocktail Spring Rolls 60 Pack | 1kg,coles,22312,2481952,1kg,https://www.coles.com.au/product/coles-vegetable-cocktail-spring-rolls-60-pack-1kg-2481952,https://www.coles.com.au/_next/image?url=https%3A%2F%2Fcdn.productimages.coles.com.au%2Fproductimages%2F2%2F2481952.jpg&w=640&q=90
9.34E+12,,Woolworths Vegetable Cocktail Spring Rolls 60 Pack 1kg,Woolworths,22312,695442,1kg,https://www.woolworths.com.au/shop/productdetails/695442/woolworths-vegetable-cocktail-spring-rolls-60-pack,https://cdn0.woolworths.media/content/wowproductimages/large/695442.jpg
9.30E+12,,Coles Frozen Hawaiian Pizza | 500g,coles,22321,2632162,500g,https://www.coles.com.au/product/coles-frozen-hawaiian-pizza-500g-2632162,https://www.coles.com.au/_next/image?url=https%3A%2F%2Fcdn.productimages.coles.com.au%2Fproductimages%2F2%2F2632162.jpg&w=640&q=90
9.30E+12,,Woolworths Frozen Pizza Hawaiian 500g,Woolworths,22321,508041,500G,https://www.woolworths.com.au/shop/productdetails/508041/woolworths-frozen-pizza-hawaiian,https://cdn0.woolworths.media/content/wowproductimages/large/508041.jpg
8.71E+12,,Streets Viennetta Classic Vanilla Ice Cream Cake | 650mL,coles,22337,3169766,650ml,https://www.coles.com.au/product/streets-viennetta-classic-vanilla-ice-cream-cake-650ml-3169766,https://www.coles.com.au/_next/image?url=https%3A%2F%2Fcdn.productimages.coles.com.au%2Fproductimages%2F3%2F3169766.jpg&w=640&q=90
8.71E+12,,Viennetta Vanilla Frozen Dessert Cake 650ml,Woolworths,22337,684415,650ml,https://www.woolworths.com.au/shop/productdetails/684415/viennetta-vanilla-frozen-dessert-cake,https://cdn0.woolworths.media/content/wowproductimages/large/684415.jpg
2.65E+11,,Coles Green Asparagus | 1 each,coles,22388,4838737,1each,https://www.coles.com.au/product/coles-green-asparagus-1-each-4838737,https://www.coles.com.au/_next/image?url=https%3A%2F%2Fcdn.productimages.coles.com.au%2Fproductimages%2F4%2F4838737.jpg&w=640&q=90
2.65E+11,,Woolworths Asparagus Green Bunch Each,Woolworths,22388,132538,Each,https://www.woolworths.com.au/shop/productdetails/132538/woolworths-asparagus-green-bunch,https://cdn0.woolworths.media/content/wowproductimages/large/132538.jpg
34533365008,,Manicare Gold Tip Slant Tweezer | 1 pack,coles,23853,2371739,1pack,https://www.coles.com.au/product/manicare-gold-tip-slant-tweezer-1-pack-2371739,https://www.coles.com.au/_next/image?url=https%3A%2F%2Fcdn.productimages.coles.com.au%2Fproductimages%2F2%2F2371739.jpg&w=640&q=90
34533365008,1160 ||1160 1EA,Manicare Slant Tweezer Gold Tipped Each,Woolworths,23853,566745,Each,https://www.woolworths.com.au/shop/productdetails/566745/manicare-slant-tweezer-gold-tipped,https://cdn0.woolworths.media/content/wowproductimages/large/566745.jpg
5.06E+12,,Scott Cornwall Decolour Hair Colour Remover | 1 pack,coles,23903,2666700,1pack,https://www.coles.com.au/product/scott-cornwall-decolour-hair-colour-remover-1-pack-2666700,https://www.coles.com.au/_next/image?url=https%3A%2F%2Fcdn.productimages.coles.com.au%2Fproductimages%2F2%2F2666700.jpg&w=640&q=90
5.06E+12,,Scott Cornwall Hair Colour Remover Each,Woolworths,23903,119095,Each,https://www.woolworths.com.au/shop/productdetails/119095/scott-cornwall-hair-colour-remover,https://cdn0.woolworths.media/content/wowproductimages/large/119095.jpg
5.01E+12,,Pro:Voke Touch Of Silver Colour Care Conditioner | 400mL,coles,23904,2666674,400ml,https://www.coles.com.au/product/pro:voke-touch-of-silver-colour-care-conditioner-400ml-2666674,https://www.coles.com.au/_next/image?url=https%3A%2F%2Fcdn.productimages.coles.com.au%2Fproductimages%2F2%2F2666674.jpg&w=640&q=90
5.01E+12,1000 ||250 100ML,Pro:Voke Touch Of Silver Daily Nourish Purple Conditioner 400mL,Woolworths,23904,857438,400mL,https://www.woolworths.com.au/shop/productdetails/857438/pro-voke-touch-of-silver-daily-nourish-purple-conditioner,https://cdn0.woolworths.media/content/wowproductimages/large/857438.jpg
5.01E+12,,Provoke Touch Of Silver Brighten & Repair Con ... 200mL,coles,23904,2666619,200ml,https://www.coles.com.au/product/provoke-touch-of-silver-brighten-and-repair-conditioner-200ml-2666619,https://www.coles.com.au/_next/image?url=https%3A%2F%2Fcdn.productimages.coles.com.au%2Fproductimages%2F2%2F2666619.jpg&w=640&q=90
5.01E+12,1300|650 100ML,Pro:Voke Touch Of Silver Intensive Purple Conditioner 200mL,Woolworths,23904,857439,200mL,https://www.woolworths.com.au/shop/productdetails/857439/pro-voke-touch-of-silver-intensive-purple-conditioner,https://cdn0.woolworths.media/content/wowproductimages/large/857439.jpg
9.31E+12,,Schwarzkopf Extra Care Colour Perfector P ... 400mL,coles,23904,4454087,400ml,https://www.coles.com.au/product/schwarzkopf-extra-care-colour-perfector-protecting-conditioner-400ml-4454087,https://www.coles.com.au/_next/image?url=https%3A%2F%2Fcdn.productimages.coles.com.au%2Fproductimages%2F4%2F4454087.jpg&w=640&q=90
9.31E+12,"$9.00
$2.25 / 100ML",Schwarzkopf Extra Care Colour Protecting Conditioner For Coloured Hair 400mL,Woolworths,23904,153390,400mL,https://www.woolworths.com.au/shop/productdetails/153390/schwarzkopf-extra-care-colour-protecting-conditioner-for-coloured-hair,https://cdn0.woolworths.media/content/wowproductimages/large/153390.jpg
9.31E+12,,Schwarzkopf Extra Care Colour Perfector P ... 400mL,coles,23904,4453889,400ml,https://www.coles.com.au/product/schwarzkopf-extra-care-colour-perfector-protecting-shampoo-400ml-4453889,https://www.coles.com.au/_next/image?url=https%3A%2F%2Fcdn.productimages.coles.com.au%2Fproductimages%2F4%2F4453889.jpg&w=640&q=90
9.31E+12,"$9.00
$2.25 / 100ML",Schwarzkopf Extra Care Colour Protecting Shampoo For Coloured Hair 400mL,Woolworths,23904,153239,400mL,https://www.woolworths.com.au/shop/productdetails/153239/schwarzkopf-extra-care-colour-protecting-shampoo-for-coloured-hair,https://cdn0.woolworths.media/content/wowproductimages/large/153239.jpg
9.31E+12,,Schwarzkopf Extra Care Liquid Silk Smoothing  ... 400mL,coles,23904,4454065,400ml,https://www.coles.com.au/product/schwarzkopf-extra-care-liquid-silk-smoothing-shampoo-400ml-4454065,https://www.coles.com.au/_next/image?url=https%3A%2F%2Fcdn.productimages.coles.com.au%2Fproductimages%2F4%2F4454065.jpg&w=640&q=90
9.31E+12,"$9.00
$2.25 / 100ML",Schwarzkopf Extra Care Liquid Silk Smooth Shampoo For Dull Hair 400mL,Woolworths,23904,186192,400mL,https://www.woolworths.com.au/shop/productdetails/186192/schwarzkopf-extra-care-liquid-silk-smooth-shampoo-for-dull-hair,https://cdn0.woolworths.media/content/wowproductimages/large/186192.jpg
9.31E+12,,Schwarzkopf Extra Care Aqua Revive Moisturisin ... 400mL,coles,23904,4959094,400ml,https://www.coles.com.au/product/schwarzkopf-extra-care-aqua-revive-moisturising-shampoo-400ml-4959094,https://www.coles.com.au/_next/image?url=https%3A%2F%2Fcdn.productimages.coles.com.au%2Fproductimages%2F4%2F4959094.jpg&w=640&q=90
9.31E+12,"$9.00
$2.25 / 100ML",Schwarzkopf Extra Care Moisturising Shampoo For Dry Hair 400mL,Woolworths,23904,197807,400mL,https://www.woolworths.com.au/shop/productdetails/197807/schwarzkopf-extra-care-moisturising-shampoo-for-dry-hair,https://cdn0.woolworths.media/content/wowproductimages/large/197807.jpg
9.31E+12,,Schwarzkopf Extra Care Push Up Volume Lift ... 400mL,coles,23904,4454247,400ml,https://www.coles.com.au/product/schwarzkopf-extra-care-push-up-volume-lifting-conditioner-400ml-4454247,https://www.coles.com.au/_next/image?url=https%3A%2F%2Fcdn.productimages.coles.com.au%2Fproductimages%2F4%2F4454247.jpg&w=640&q=90
9.31E+12,"$9.00
$2.25 / 100ML",Schwarzkopf Extra Care Push Up Volume Conditioner For Fine Hair 400mL,Woolworths,23904,164988,400mL,https://www.woolworths.com.au/shop/productdetails/164988/schwarzkopf-extra-care-push-up-volume-conditioner-for-fine-hair,https://cdn0.woolworths.media/content/wowproductimages/large/164988.jpg
9.31E+12,,Schwarzkopf Extra Care Push Up Volume Lift ... 400mL,coles,23904,4454043,400ml,https://www.coles.com.au/product/schwarzkopf-extra-care-push-up-volume-lifting-shampoo-400ml-4454043,https://www.coles.com.au/_next/image?url=https%3A%2F%2Fcdn.productimages.coles.com.au%2Fproductimages%2F4%2F4454043.jpg&w=640&q=90
9.31E+12,"$9.00
$2.25 / 100ML",Schwarzkopf Extra Care Push Up Volume Shampoo For Fine Hair 400mL,Woolworths,23904,164987,400mL,https://www.woolworths.com.au/shop/productdetails/164987/schwarzkopf-extra-care-push-up-volume-shampoo-for-fine-hair,https://cdn0.woolworths.media/content/wowproductimages/large/164987.jpg
9.31E+12,,Schwarzkopf Extra Care Marrakesh Oil & Coconut Re ... 400mL,coles,23904,4454076,400ml,https://www.coles.com.au/product/schwarzkopf-extra-care-marrakesh-oil-and-coconut-replenishing-conditioner-400ml-4454076,https://www.coles.com.au/_next/image?url=https%3A%2F%2Fcdn.productimages.coles.com.au%2Fproductimages%2F4%2F4454076.jpg&w=640&q=90
9.31E+12,"$9.00
$2.25 / 100ML",Schwarzkopf Extra Care Soft Conditioner Marrakesh Oil For Dry Hair 400mL,Woolworths,23904,153108,400mL,https://www.woolworths.com.au/shop/productdetails/153108/schwarzkopf-extra-care-soft-conditioner-marrakesh-oil-for-dry-hair,https://cdn0.woolworths.media/content/wowproductimages/large/153108.jpg
9.31E+12,,Schwarzkopf Extra Care Marrakesh Oil & Coconut Re ... 950mL,coles,23904,4453834,950ml,https://www.coles.com.au/product/schwarzkopf-extra-care-marrakesh-oil-and-coconut-replenishing-conditioner-950ml-4453834,https://www.coles.com.au/_next/image?url=https%3A%2F%2Fcdn.productimages.coles.com.au%2Fproductimages%2F4%2F4453834.jpg&w=640&q=90
9.31E+12,"$19.00
$2.00 / 100ML",Schwarzkopf Extra Care Soft Conditioner Marrakesh Oil For Dry Hair 950mL,Woolworths,23904,152976,950mL,https://www.woolworths.com.au/shop/productdetails/152976/schwarzkopf-extra-care-soft-conditioner-marrakesh-oil-for-dry-hair,https://cdn0.woolworths.media/content/wowproductimages/large/152976.jpg
9.31E+12,,Schwarzkopf Extra Care Marrakesh Oil & Coconut Re ... 950mL,coles,23904,4453801,950ml,https://www.coles.com.au/product/schwarzkopf-extra-care-marrakesh-oil-and-coconut-replenishing-shampoo-950ml-4453801,https://www.coles.com.au/_next/image?url=https%3A%2F%2Fcdn.productimages.coles.com.au%2Fproductimages%2F4%2F4453801.jpg&w=640&q=90
9.31E+12,"$19.00
$2.00 / 100ML",Schwarzkopf Extra Care Soft Shampoo Marrakesh Oil For Dry Hair 950mL,Woolworths,23904,152548,950mL,https://www.woolworths.com.au/shop/productdetails/152548/schwarzkopf-extra-care-soft-shampoo-marrakesh-oil-for-dry-hair,https://cdn0.woolworths.media/content/wowproductimages/large/152548.jpg
9.31E+12,,Schwarzkopf Extra Care Ultimate Repair Strengthen ... 400mL,coles,23904,4454189,400ml,https://www.coles.com.au/product/schwarzkopf-extra-care-ultimate-repair-strengthening-conditioner-400m-400ml-4454189,https://www.coles.com.au/_next/image?url=https%3A%2F%2Fcdn.productimages.coles.com.au%2Fproductimages%2F4%2F4454189.jpg&w=640&q=90
9.31E+12,"$9.00
$2.25 / 100ML",Schwarzkopf Extra Care Ultimate Repair Conditioner For Damaged Hair 400mL,Woolworths,23904,152969,400mL,https://www.woolworths.com.au/shop/productdetails/152969/schwarzkopf-extra-care-ultimate-repair-conditioner-for-damaged-hair,https://cdn0.woolworths.media/content/wowproductimages/large/152969.jpg
9.31E+12,,Schwarzkopf Extra Care Ultimate Repair Strengthen ... 950mL,coles,23904,4453856,950ml,https://www.coles.com.au/product/schwarzkopf-extra-care-ultimate-repair-strengthening-conditioner-950ml-4453856,https://www.coles.com.au/_next/image?url=https%3A%2F%2Fcdn.productimages.coles.com.au%2Fproductimages%2F4%2F4453856.jpg&w=640&q=90
9.31E+12,"$19.00
$2.00 / 100ML",Schwarzkopf Extra Care Ultimate Repair Conditioner For Damaged Hair 950mL,Woolworths,23904,153395,950mL,https://www.woolworths.com.au/shop/productdetails/153395/schwarzkopf-extra-care-ultimate-repair-conditioner-for-damaged-hair,https://cdn0.woolworths.media/content/wowproductimages/large/153395.jpg
9.31E+12,,Schwarzkopf Extra Care Ultimate Repair Strengthen ... 400mL,coles,23904,4454032,400ml,https://www.coles.com.au/product/schwarzkopf-extra-care-ultimate-repair-strengthening-shampoo-400ml-4454032,https://www.coles.com.au/_next/image?url=https%3A%2F%2Fcdn.productimages.coles.com.au%2Fproductimages%2F4%2F4454032.jpg&w=640&q=90
9.31E+12,"$9.00
$2.25 / 100ML",Schwarzkopf Extra Care Ultimate Repair Shampoo For Damaged Hair 400mL,Woolworths,23904,153058,400mL,https://www.woolworths.com.au/shop/productdetails/153058/schwarzkopf-extra-care-ultimate-repair-shampoo-for-damaged-hair,https://cdn0.woolworths.media/content/wowproductimages/large/153058.jpg
9.31E+12,,Schwarzkopf Extra Care Ultimate Repair Strengthen ... 950mL,coles,23904,4453823,950ml,https://www.coles.com.au/product/schwarzkopf-extra-care-ultimate-repair-strengthening-shampoo-950ml-4453823,https://www.coles.com.au/_next/image?url=https%3A%2F%2Fcdn.productimages.coles.com.au%2Fproductimages%2F4%2F4453823.jpg&w=640&q=90
9.31E+12,"$19.00
$2.00 / 100ML",Schwarzkopf Extra Care Ultimate Repair Shampoo For Damaged Hair 950mL,Woolworths,23904,151899,950mL,https://www.woolworths.com.au/shop/productdetails/151899/schwarzkopf-extra-care-ultimate-repair-shampoo-for-damaged-hair,https://cdn0.woolworths.media/content/wowproductimages/large/151899.jpg
9.33E+12,,Sukin Hydrating Conditioner | 1L,coles,23904,3154984,1l,https://www.coles.com.au/product/sukin-hydrating-conditioner-1l-3154984,https://www.coles.com.au/_next/image?url=https%3A%2F%2Fcdn.productimages.coles.com.au%2Fproductimages%2F3%2F3154984.jpg&w=640&q=90
9.33E+12,"$17.50
$35.00
$1.75 / 100ML",Sukin Hydrating Conditioner 1l,Woolworths,23904,201032,1L,https://www.woolworths.com.au/shop/productdetails/201032/sukin-hydrating-conditioner,https://cdn0.woolworths.media/content/wowproductimages/large/201032.jpg
9.33E+12,,Sukin Hydrating Conditioner | 500mL,coles,23904,2994152,500ml,https://www.coles.com.au/product/sukin-hydrating-conditioner-500ml-2994152,https://www.coles.com.au/_next/image?url=https%3A%2F%2Fcdn.productimages.coles.com.au%2Fproductimages%2F2%2F2994152.jpg&w=640&q=90
9.33E+12,"Save $10.00
Price $10.00
$10.00
$20.00
$2.00 / 100ML",Sukin Hydrating Conditioner 500ml,Woolworths,23904,104337,500mL,https://www.woolworths.com.au/shop/productdetails/104337/sukin-hydrating-conditioner,https://cdn0.woolworths.media/content/wowproductimages/large/104337.jpg
9.33E+12,,Sukin Hydrating Shampoo | 1L,coles,23904,3154940,1l,https://www.coles.com.au/product/sukin-hydrating-shampoo-1l-3154940,https://www.coles.com.au/_next/image?url=https%3A%2F%2Fcdn.productimages.coles.com.au%2Fproductimages%2F3%2F3154940.jpg&w=640&q=90
9.33E+12,"Save $17.50
Price $17.50
$17.50
$35.00
$1.75 / 100ML",Sukin Hydrating Shampoo 1l,Woolworths,23904,199779,1L,https://www.woolworths.com.au/shop/productdetails/199779/sukin-hydrating-shampoo,https://cdn0.woolworths.media/content/wowproductimages/large/199779.jpg
9.33E+12,"$20.00
$4.00 per 100ml",Sukin Hydrating Shampoo | 500mL,coles,23904,2994119,500ml,https://www.coles.com.au/product/sukin-hydrating-shampoo-500ml-2994119,https://www.coles.com.au/_next/image?url=https%3A%2F%2Fcdn.productimages.coles.com.au%2Fproductimages%2F2%2F2994119.jpg&w=640&q=90
9.33E+12,"$10.00
$2.00 / 100ML",Sukin Hydrating Shampoo 500ml,Woolworths,23904,104336,500mL,https://www.woolworths.com.au/shop/productdetails/104336/sukin-hydrating-shampoo,https://cdn0.woolworths.media/content/wowproductimages/large/104336.jpg
9.33E+12,,Sukin Natural Balance Conditioner | 1L,coles,23904,3154973,1l,https://www.coles.com.au/product/sukin-natural-balance-conditioner-1l-3154973,https://www.coles.com.au/_next/image?url=https%3A%2F%2Fcdn.productimages.coles.com.au%2Fproductimages%2F3%2F3154973.jpg&w=640&q=90
9.33E+12,"$17.50
$1.75 / 100ML",Sukin Natural Balance Conditioner 1l,Woolworths,23904,155914,1L,https://www.woolworths.com.au/shop/productdetails/155914/sukin-natural-balance-conditioner,https://cdn0.woolworths.media/content/wowproductimages/large/155914.jpg
9.33E+12,,Sukin Natural Balance Conditioner | 500mL,coles,23904,2994130,500ml,https://www.coles.com.au/product/sukin-natural-balance-conditioner-500ml-2994130,https://www.coles.com.au/_next/image?url=https%3A%2F%2Fcdn.productimages.coles.com.au%2Fproductimages%2F2%2F2994130.jpg&w=640&q=90
9.33E+12,"$10.00
$2.00 / 100ML",Sukin Natural Balance Conditioner 500ml,Woolworths,23904,104339,500mL,https://www.woolworths.com.au/shop/productdetails/104339/sukin-natural-balance-conditioner,https://cdn0.woolworths.media/content/wowproductimages/large/104339.jpg
9.33E+12,,Sukin Natural Balance Shampoo | 1L,coles,23904,3154930,1l,https://www.coles.com.au/product/sukin-natural-balance-shampoo-1l-3154930,https://www.coles.com.au/_next/image?url=https%3A%2F%2Fcdn.productimages.coles.com.au%2Fproductimages%2F3%2F3154930.jpg&w=640&q=90
9.33E+12,"$17.50
$1.75 / 100ML",Sukin Natural Balance Shampoo 1l,Woolworths,23904,156382,1L,https://www.woolworths.com.au/shop/productdetails/156382/sukin-natural-balance-shampoo,https://cdn0.woolworths.media/content/wowproductimages/large/156382.jpg
9.33E+12,,Sukin Natural Balance Shampoo | 500mL,coles,23904,2994108,500ml,https://www.coles.com.au/product/sukin-natural-balance-shampoo-500ml-2994108,https://www.coles.com.au/_next/image?url=https%3A%2F%2Fcdn.productimages.coles.com.au%2Fproductimages%2F2%2F2994108.jpg&w=640&q=90
9.33E+12,"$10.00
$2.00 / 100ML",Sukin Natural Balance Shampoo 500ml,Woolworths,23904,104338,500mL,https://www.woolworths.com.au/shop/productdetails/104338/sukin-natural-balance-shampoo,https://cdn0.woolworths.media/content/wowproductimages/large/104338.jpg
8.85E+12,,Sunsilk Conditioner Coconut Hydration | 350mL,coles,23904,9102531,350ml,https://www.coles.com.au/product/sunsilk-conditioner-coconut-hydration-350ml-9102531,https://www.coles.com.au/_next/image?url=https%3A%2F%2Fcdn.productimages.coles.com.au%2Fproductimages%2F9%2F9102531.jpg&w=640&q=90
8.85E+12,"$6.50
$1.86 / 100ML",Sunsilk Coconut Hydration Conditioner 350mL,Woolworths,23904,6004410,350mL,https://www.woolworths.com.au/shop/productdetails/6004410/sunsilk-coconut-hydration-conditioner,https://cdn0.woolworths.media/content/wowproductimages/large/6004410.jpg
8.85E+12,,Sunsilk Conditioner Coconut Hydration | 700mL,coles,23904,9102575,700ml,https://www.coles.com.au/product/sunsilk-conditioner-coconut-hydration-700ml-9102575,https://www.coles.com.au/_next/image?url=https%3A%2F%2Fcdn.productimages.coles.com.au%2Fproductimages%2F9%2F9102575.jpg&w=640&q=90
8.85E+12,"$12.00
$1.71 / 100ML",Sunsilk Coconut Hydration Conditioner 700mL,Woolworths,23904,6004145,700mL,https://www.woolworths.com.au/shop/productdetails/6004145/sunsilk-coconut-hydration-conditioner,https://cdn0.woolworths.media/content/wowproductimages/large/6004145.jpg
8.85E+12,,Sunsilk Shampoo Coconut Hydration | 700mL,coles,23904,9102564,700ml,https://www.coles.com.au/product/sunsilk-shampoo-coconut-hydration-700ml-9102564,https://www.coles.com.au/_next/image?url=https%3A%2F%2Fcdn.productimages.coles.com.au%2Fproductimages%2F9%2F9102564.jpg&w=640&q=90
8.85E+12,"$12.00
$1.71 / 100ML",Sunsilk Coconut Hydration Shampoo 700mL,Woolworths,23904,6004126,700mL,https://www.woolworths.com.au/shop/productdetails/6004126/sunsilk-coconut-hydration-shampoo,https://cdn0.woolworths.media/content/wowproductimages/large/6004126.jpg
9.30E+12,,Sunsilk Addictive Brilliant Shine Conditioner | 350mL,coles,23904,7548959,350ml,https://www.coles.com.au/product/sunsilk-addictive-brilliant-shine-conditioner-350ml-7548959,https://www.coles.com.au/_next/image?url=https%3A%2F%2Fcdn.productimages.coles.com.au%2Fproductimages%2F7%2F7548959.jpg&w=640&q=90
9.30E+12,"$6.50
$1.86 / 100ML",Sunsilk Conditioner Addictive Brilliant Shine 350ml,Woolworths,23904,490137,350mL,https://www.woolworths.com.au/shop/productdetails/490137/sunsilk-conditioner-addictive-brilliant-shine,https://cdn0.woolworths.media/content/wowproductimages/large/490137.jpg
9.30E+12,,Sunsilk Addictive Brilliant Shine Conditioner | 700mL,coles,23904,7549951,700ml,https://www.coles.com.au/product/sunsilk-addictive-brilliant-shine-conditioner-700ml-7549951,https://www.coles.com.au/_next/image?url=https%3A%2F%2Fcdn.productimages.coles.com.au%2Fproductimages%2F7%2F7549951.jpg&w=640&q=90
9.30E+12,"$12.00
$1.71 / 100ML",Sunsilk Conditioner Addictive Brilliant Shine 700ml,Woolworths,23904,463191,700mL,https://www.woolworths.com.au/shop/productdetails/463191/sunsilk-conditioner-addictive-brilliant-shine,https://cdn0.woolworths.media/content/wowproductimages/large/463191.jpg
9.30E+12,,Sunsilk Longer & Stronger Conditioner | 350mL,coles,23904,7548948,350ml,https://www.coles.com.au/product/sunsilk-longer-and-stronger-conditioner-350ml-7548948,https://www.coles.com.au/_next/image?url=https%3A%2F%2Fcdn.productimages.coles.com.au%2Fproductimages%2F7%2F7548948.jpg&w=640&q=90
9.30E+12,"$6.50
$1.86 / 100ML",Sunsilk Conditioner Longer & Stronger 350mL,Woolworths,23904,486428,350mL,https://www.woolworths.com.au/shop/productdetails/486428/sunsilk-conditioner-longer-stronger,https://cdn0.woolworths.media/content/wowproductimages/large/486428.jpg
9.30E+12,,Sunsilk Longer & Stronger Conditioner | 700mL,coles,23904,9971870,700ml,https://www.coles.com.au/product/sunsilk-longer-and-stronger-conditioner-700ml-9971870,https://www.coles.com.au/_next/image?url=https%3A%2F%2Fcdn.productimages.coles.com.au%2Fproductimages%2F9%2F9971870.jpg&w=640&q=90
9.30E+12,"$12.00
$1.71 / 100ML",Sunsilk Conditioner Longer & Stronger 700mL,Woolworths,23904,463186,700mL,https://www.woolworths.com.au/shop/productdetails/463186/sunsilk-conditioner-longer-stronger,https://cdn0.woolworths.media/content/wowproductimages/large/463186.jpg
9.30E+12,,Sunsilk Soft & Smooth Conditioner | 700mL,coles,23904,2671878,700ml,https://www.coles.com.au/product/sunsilk-soft-and-smooth-conditioner-700ml-2671878,https://www.coles.com.au/_next/image?url=https%3A%2F%2Fcdn.productimages.coles.com.au%2Fproductimages%2F2%2F2671878.jpg&w=640&q=90
9.30E+12,"$12.00
$1.71 / 100ML",Sunsilk Conditioner Soft & Smooth 700mL,Woolworths,23904,463180,700mL,https://www.woolworths.com.au/shop/productdetails/463180/sunsilk-conditioner-soft-smooth-soft-smooth,https://cdn0.woolworths.media/content/wowproductimages/large/463180.jpg
8.85E+12,,Sunsilk Shampoo Coconut Hydration | 350mL,coles,23904,9102509,350ml,https://www.coles.com.au/product/sunsilk-shampoo-coconut-hydration-350ml-9102509,https://www.coles.com.au/_next/image?url=https%3A%2F%2Fcdn.productimages.coles.com.au%2Fproductimages%2F9%2F9102509.jpg&w=640&q=90
8.85E+12,"$6.50
$1.86 / 100ML",Sunsilk Hydration Shampoo Coconut 350mL,Woolworths,23904,6004333,350mL,https://www.woolworths.com.au/shop/productdetails/6004333/sunsilk-hydration-shampoo-coconut,https://cdn0.woolworths.media/content/wowproductimages/large/6004333.jpg
9.30E+12,,Sunsilk Addictive Brilliant Shine Shampoo | 350mL,coles,23904,7547898,350ml,https://www.coles.com.au/product/sunsilk-addictive-brilliant-shine-shampoo-350ml-7547898,https://www.coles.com.au/_next/image?url=https%3A%2F%2Fcdn.productimages.coles.com.au%2Fproductimages%2F7%2F7547898.jpg&w=640&q=90
9.30E+12,"$6.50
$1.86 / 100ML",Sunsilk Shampoo Addictive Brilliant Shine 350ml,Woolworths,23904,491925,350mL,https://www.woolworths.com.au/shop/productdetails/491925/sunsilk-shampoo-addictive-brilliant-shine,https://cdn0.woolworths.media/content/wowproductimages/large/491925.jpg
9.30E+12,,Sunsilk Addictive Brilliant Shine Shampoo | 700mL,coles,23904,7549576,700ml,https://www.coles.com.au/product/sunsilk-addictive-brilliant-shine-shampoo-700ml-7549576,https://www.coles.com.au/_next/image?url=https%3A%2F%2Fcdn.productimages.coles.com.au%2Fproductimages%2F7%2F7549576.jpg&w=640&q=90
9.30E+12,"$12.00
$1.71 / 100ML",Sunsilk Shampoo Addictive Brilliant Shine 700mL,Woolworths,23904,463193,700mL,https://www.woolworths.com.au/shop/productdetails/463193/sunsilk-shampoo-addictive-brilliant-shine,https://cdn0.woolworths.media/content/wowproductimages/large/463193.jpg
9.30E+12,,Sunsilk Longer & Stronger Shampoo | 350mL,coles,23904,7547887,350ml,https://www.coles.com.au/product/sunsilk-longer-and-stronger-shampoo-350ml-7547887,https://www.coles.com.au/_next/image?url=https%3A%2F%2Fcdn.productimages.coles.com.au%2Fproductimages%2F7%2F7547887.jpg&w=640&q=90
9.30E+12,"$6.50
$1.86 / 100ML",Sunsilk Shampoo Longer & Stronger 350mL,Woolworths,23904,486433,350mL,https://www.woolworths.com.au/shop/productdetails/486433/sunsilk-shampoo-longer-stronger,https://cdn0.woolworths.media/content/wowproductimages/large/486433.jpg
9.30E+12,,Sunsilk Longer & Stronger Shampoo | 700mL,coles,23904,9972045,700ml,https://www.coles.com.au/product/sunsilk-longer-and-stronger-shampoo-700ml-9972045,https://www.coles.com.au/_next/image?url=https%3A%2F%2Fcdn.productimages.coles.com.au%2Fproductimages%2F9%2F9972045.jpg&w=640&q=90
9.30E+12,"$12.00
$1.71 / 100ML",Sunsilk Shampoo Longer & Stronger 700 Ml,Woolworths,23904,463195,700 ml,https://www.woolworths.com.au/shop/productdetails/463195/sunsilk-shampoo-longer-stronger,https://cdn0.woolworths.media/content/wowproductimages/large/463195.jpg
9.30E+12,,Sunsilk Soft & Smooth Shampoo | 700mL,coles,23904,2672214,700ml,https://www.coles.com.au/product/sunsilk-soft-and-smooth-shampoo-700ml-2672214,https://www.coles.com.au/_next/image?url=https%3A%2F%2Fcdn.productimages.coles.com.au%2Fproductimages%2F2%2F2672214.jpg&w=640&q=90
9.30E+12,"$12.00
$1.71 / 100ML",Sunsilk Shampoo Soft & Smooth 700ml,Woolworths,23904,463194,700mL,https://www.woolworths.com.au/shop/productdetails/463194/sunsilk-shampoo-soft-smooth,https://cdn0.woolworths.media/content/wowproductimages/large/463194.jpg
9.30E+12,,Toni & Guy Purple Conditioner | 250mL,coles,23904,3157712,250ml,https://www.coles.com.au/product/toni-and-guy-purple-conditioner-250ml-3157712,https://www.coles.com.au/_next/image?url=https%3A%2F%2Fcdn.productimages.coles.com.au%2Fproductimages%2F3%2F3157712.jpg&w=640&q=90
9.30E+12,"$19.00
$7.60 / 100ML",Toni & Guy Purple Conditioner 250ml,Woolworths,23904,681065,250mL,https://www.woolworths.com.au/shop/productdetails/681065/toni-guy-purple-conditioner,https://cdn0.woolworths.media/content/wowproductimages/large/681065.jpg
9.30E+12,,Toni & Guy Conditioner Purple | 600mL,coles,23904,3978027,600ml,https://www.coles.com.au/product/toni-and-guy-conditioner-purple-600ml-3978027,https://www.coles.com.au/_next/image?url=https%3A%2F%2Fcdn.productimages.coles.com.au%2Fproductimages%2F3%2F3978027.jpg&w=640&q=90
9.30E+12,"$30.00
$5.00 / 100ML",Toni & Guy Purple Conditioner 600ml,Woolworths,23904,151071,600mL,https://www.woolworths.com.au/shop/productdetails/151071/toni-guy-purple-conditioner,https://cdn0.woolworths.media/content/wowproductimages/large/151071.jpg
9.30E+12,,Toni & Guy Purple Shampoo | 250mL,coles,23904,3157596,250ml,https://www.coles.com.au/product/toni-and-guy-purple-shampoo-250ml-3157596,https://www.coles.com.au/_next/image?url=https%3A%2F%2Fcdn.productimages.coles.com.au%2Fproductimages%2F3%2F3157596.jpg&w=640&q=90
9.30E+12,"$19.00
$7.60 / 100ML",Toni & Guy Purple Shampoo 250ml,Woolworths,23904,681092,250mL,https://www.woolworths.com.au/shop/productdetails/681092/toni-guy-purple-shampoo,https://cdn0.woolworths.media/content/wowproductimages/large/681092.jpg
9.30E+12,,Toni & Guy Shampoo Purple | 600mL,coles,23904,3977771,600ml,https://www.coles.com.au/product/toni-and-guy-shampoo-purple-600ml-3977771,https://www.coles.com.au/_next/image?url=https%3A%2F%2Fcdn.productimages.coles.com.au%2Fproductimages%2F3%2F3977771.jpg&w=640&q=90
9.30E+12,"$30.00
$5.00 / 100ML",Toni & Guy Purple Shampoo 600ml,Woolworths,23904,152707,600mL,https://www.woolworths.com.au/shop/productdetails/152707/toni-guy-purple-shampoo,https://cdn0.woolworths.media/content/wowproductimages/large/152707.jpg
9.30E+12,,Toni & Guy Strengthplex Bond Repair Con ... 250mL,coles,23904,3710705,250ml,https://www.coles.com.au/product/toni-and-guy-strengthplex-bond-repair-conditioner-250ml-3710705,https://www.coles.com.au/_next/image?url=https%3A%2F%2Fcdn.productimages.coles.com.au%2Fproductimages%2F3%2F3710705.jpg&w=640&q=90
9.30E+12,"$19.00
$7.60 / 100ML",Toni & Guy Strength Plex Bond Repair Conditioner 250ml,Woolworths,23904,75773,250mL,https://www.woolworths.com.au/shop/productdetails/75773/toni-guy-strength-plex-bond-repair-conditioner,https://cdn0.woolworths.media/content/wowproductimages/large/075773.jpg
9.30E+12,,Toni & Guy Conditioner Strengthplex | 600mL,coles,23904,4959935,600ml,https://www.coles.com.au/product/toni-and-guy-conditioner-strengthplex-600ml-4959935,https://www.coles.com.au/_next/image?url=https%3A%2F%2Fcdn.productimages.coles.com.au%2Fproductimages%2F4%2F4959935.jpg&w=640&q=90
9.30E+12,"$30.00
$5.00 / 100ML",Toni & Guy Strength Plex Bond Repair Conditioner 600ml,Woolworths,23904,152240,600mL,https://www.woolworths.com.au/shop/productdetails/152240/toni-guy-strength-plex-bond-repair-conditioner,https://cdn0.woolworths.media/content/wowproductimages/large/152240.jpg
9.30E+12,,Toni & Guy Strength Plex Bond Repair Shampoo | 250mL,coles,23904,3710691,250ml,https://www.coles.com.au/product/toni-and-guy-strength-plex-bond-repair-shampoo-250ml-3710691,https://www.coles.com.au/_next/image?url=https%3A%2F%2Fcdn.productimages.coles.com.au%2Fproductimages%2F3%2F3710691.jpg&w=640&q=90
9.30E+12,"$19.00
$7.60 / 100ML",Toni & Guy Strength Plex Bond Repair Shampoo 250ml,Woolworths,23904,75678,250mL,https://www.woolworths.com.au/shop/productdetails/75678/toni-guy-strength-plex-bond-repair-shampoo,https://cdn0.woolworths.media/content/wowproductimages/large/075678.jpg
9.30E+12,,Toni & Guy Shampoo Strengthplex | 600mL,coles,23904,4959924,600ml,https://www.coles.com.au/product/toni-and-guy-shampoo-strengthplex-600ml-4959924,https://www.coles.com.au/_next/image?url=https%3A%2F%2Fcdn.productimages.coles.com.au%2Fproductimages%2F4%2F4959924.jpg&w=640&q=90
9.30E+12,"$30.00
$5.00 / 100ML",Toni & Guy Strength Plex Bond Repair Shampoo 600ml,Woolworths,23904,155033,600mL,https://www.woolworths.com.au/shop/productdetails/155033/toni-guy-strength-plex-bond-repair-shampoo,https://cdn0.woolworths.media/content/wowproductimages/large/155033.jpg
9.30E+12,,Tresemme Conditioner Cleanse & Replenish | 350mL,coles,23904,9102382,350ml,https://www.coles.com.au/product/tresemme-conditioner-cleanse-and-replenish-350ml-9102382,https://www.coles.com.au/_next/image?url=https%3A%2F%2Fcdn.productimages.coles.com.au%2Fproductimages%2F9%2F9102382.jpg&w=640&q=90
9.30E+12,,TRESemme Cleanse & Replenish Conditioner 350mL,Woolworths,23904,6003990,350mL,https://www.woolworths.com.au/shop/productdetails/6003990/tresemme-cleanse-replenish-conditioner,https://cdn0.woolworths.media/content/wowproductimages/large/6003990.jpg
9.30E+12,,Tresemme Shampoo Cleanse & Replenish | 350mL,coles,23904,9095447,350ml,https://www.coles.com.au/product/tresemme-shampoo-cleanse-and-replenish-350ml-9095447,https://www.coles.com.au/_next/image?url=https%3A%2F%2Fcdn.productimages.coles.com.au%2Fproductimages%2F9%2F9095447.jpg&w=640&q=90
9.30E+12,,TRESemme Cleanse & Replenish Shampoo 350mL,Woolworths,23904,6003625,350mL,https://www.woolworths.com.au/shop/productdetails/6003625/tresemme-cleanse-replenish-shampoo,https://cdn0.woolworths.media/content/wowproductimages/large/6003625.jpg
9.30E+12,,TRESemme Shampoo Colour Revitalise | 940mL,coles,23904,4959980,940ml,https://www.coles.com.au/product/tresemme-shampoo-colour-revitalise-940ml-4959980,https://www.coles.com.au/_next/image?url=https%3A%2F%2Fcdn.productimages.coles.com.au%2Fproductimages%2F4%2F4959980.jpg&w=640&q=90
9.30E+12,,"TRESemme Colour Revitalise Shampoo Vit E, Agran Oil & Green Tea 940ml",Woolworths,23904,200973,940ml,https://www.woolworths.com.au/shop/productdetails/200973/tresemme-colour-revitalise-shampoo-vit-e-agran-oil-green-tea,https://cdn0.woolworths.media/content/wowproductimages/large/200973.jpg
9.30E+12,,TRESemme Conditioner Cleanse Replenish | 940mL,coles,23904,4960049,940ml,https://www.coles.com.au/product/tresemme-conditioner-cleanse-replenish-940ml-4960049,https://www.coles.com.au/_next/image?url=https%3A%2F%2Fcdn.productimages.coles.com.au%2Fproductimages%2F4%2F4960049.jpg&w=640&q=90
9.30E+12,,TRESemme Conditioner Cleanse & Replenish 940 ml,Woolworths,23904,200904,940 ml,https://www.woolworths.com.au/shop/productdetails/200904/tresemme-conditioner-cleanse-replenish,https://cdn0.woolworths.media/content/wowproductimages/large/200904.jpg
